id,rank,title,fullTitle,year,image,crew,imDbRating,imDbRatingCount
tt0111161,1,The Shawshank Redemption,The Shawshank Redemption (1994),1994,"https://m.media-amazon.com/images/M/MV5BMDFkYTc0MGEtZmNhMC00ZDIzLWFmNTEtODM1ZmRlYWMwMWFmXkEyXkFqcGdeQXVyMTMxODk2OTU@._V1_UX128_CR0,3,128,176_AL_.jpg","Frank Darabont (dir.), Tim Robbins, Morgan Freeman",9.2,2656994
tt0068646,2,The Godfather,The Godfather (1972),1972,"https://m.media-amazon.com/images/M/MV5BM2MyNjYxNmUtYTAwNi00MTYxLWJmNWYtYzZlODY3ZTk3OTFlXkEyXkFqcGdeQXVyNzkwMjQ5NzM@._V1_UX128_CR0,1,128,176_AL_.jpg","Francis Ford Coppola (dir.), Marlon Brando, Al Pacino",9.2,1841519
tt0468569,3,The Dark Knight,The Dark Knight (2008),2008,"https://m.media-amazon.com/images/M/MV5BMTMxNTMwODM0NF5BMl5BanBnXkFtZTcwODAyMTk2Mw@@._V1_UX128_CR0,3,128,176_AL_.jpg","Christopher Nolan (dir.), Christian Bale, Heath Ledger",9.0,2629679
tt0071562,4,The Godfather Part II,The Godfather Part II (1974),1974,"https://m.media-amazon.com/images/M/MV5BMWMwMGQzZTItY2JlNC00OWZiLWIyMDctNDk2ZDQ2YjRjMWQ0XkEyXkFqcGdeQXVyNzkwMjQ5NzM@._V1_UX128_CR0,1,128,176_AL_.jpg","Francis Ford Coppola (dir.), Al Pacino, Robert De Niro",9.0,1261658
tt0050083,5,12 Angry Men,12 Angry Men (1957),1957,"https://m.media-amazon.com/images/M/MV5BMWU4N2FjNzYtNTVkNC00NzQ0LTg0MjAtYTJlMjFhNGUxZDFmXkEyXkFqcGdeQXVyNjc1NTYyMjg@._V1_UX128_CR0,3,128,176_AL_.jpg","Sidney Lumet (dir.), Henry Fonda, Lee J. Cobb",9.0,784476
tt0108052,6,Schindler's List,Schindler's List (1993),1993,"https://m.media-amazon.com/images/M/MV5BNDE4OTMxMTctNmRhYy00NWE2LTg3YzItYTk3M2UwOTU5Njg4XkEyXkFqcGdeQXVyNjU0OTQ0OTY@._V1_UX128_CR0,3,128,176_AL_.jpg","Steven Spielberg (dir.), Liam Neeson, Ralph Fiennes",8.9,1345913
tt0167260,7,The Lord of the Rings: The Return of the King,The Lord of the Rings: The Return of the King (2003),2003,"https://m.media-amazon.com/images/M/MV5BNzA5ZDNlZWMtM2NhNS00NDJjLTk4NDItYTRmY2EwMWZlMTY3XkEyXkFqcGdeQXVyNzkwMjQ5NzM@._V1_UX128_CR0,3,128,176_AL_.jpg","Peter Jackson (dir.), Elijah Wood, Viggo Mortensen",8.9,1831937
tt0110912,8,Pulp Fiction,Pulp Fiction (1994),1994,"https://m.media-amazon.com/images/M/MV5BNGNhMDIzZTUtNTBlZi00MTRlLWFjM2ItYzViMjE3YzI5MjljXkEyXkFqcGdeQXVyNzkwMjQ5NzM@._V1_UX128_CR0,3,128,176_AL_.jpg","Quentin Tarantino (dir.), John Travolta, Uma Thurman",8.8,2033655
tt0120737,9,The Lord of the Rings: The Fellowship of the Ring,The Lord of the Rings: The Fellowship of the Ring (2001),2001,"https://m.media-amazon.com/images/M/MV5BN2EyZjM3NzUtNWUzMi00MTgxLWI0NTctMzY4M2VlOTdjZWRiXkEyXkFqcGdeQXVyNDUzOTQ5MjY@._V1_UX128_CR0,3,128,176_AL_.jpg","Peter Jackson (dir.), Elijah Wood, Ian McKellen",8.8,1860502
tt0060196,10,"The Good, the Bad and the Ugly","The Good, the Bad and the Ugly (1966)",1966,"https://m.media-amazon.com/images/M/MV5BNjJlYmNkZGItM2NhYy00MjlmLTk5NmQtNjg1NmM2ODU4OTMwXkEyXkFqcGdeQXVyMjUzOTY1NTc@._V1_UX128_CR0,3,128,176_AL_.jpg","Sergio Leone (dir.), Clint Eastwood, Eli Wallach",8.8,757647
tt0109830,11,Forrest Gump,Forrest Gump (1994),1994,"https://m.media-amazon.com/images/M/MV5BNWIwODRlZTUtY2U3ZS00Yzg1LWJhNzYtMmZiYmEyNmU1NjMzXkEyXkFqcGdeQXVyMTQxNzMzNDI@._V1_UX128_CR0,3,128,176_AL_.jpg","Robert Zemeckis (dir.), Tom Hanks, Robin Wright",8.8,2058497
tt0137523,12,Fight Club,Fight Club (1999),1999,"https://m.media-amazon.com/images/M/MV5BNDIzNDU0YzEtYzE5Ni00ZjlkLTk5ZjgtNjM3NWE4YzA3Nzk3XkEyXkFqcGdeQXVyMjUzOTY1NTc@._V1_UX128_CR0,3,128,176_AL_.jpg","David Fincher (dir.), Brad Pitt, Edward Norton",8.7,2102086
tt1375666,13,Inception,Inception (2010),2010,"https://m.media-amazon.com/images/M/MV5BMjAxMzY3NjcxNF5BMl5BanBnXkFtZTcwNTI5OTM0Mw@@._V1_UX128_CR0,3,128,176_AL_.jpg","Christopher Nolan (dir.), Leonardo DiCaprio, Joseph Gordon-Levitt",8.7,2330314
tt0167261,14,The Lord of the Rings: The Two Towers,The Lord of the Rings: The Two Towers (2002),2002,"https://m.media-amazon.com/images/M/MV5BZGMxZTdjZmYtMmE2Ni00ZTdkLWI5NTgtNjlmMjBiNzU2MmI5XkEyXkFqcGdeQXVyNjU0OTQ0OTY@._V1_UX128_CR0,3,128,176_AL_.jpg","Peter Jackson (dir.), Elijah Wood, Ian McKellen",8.7,1654196
tt0080684,15,Star Wars: Episode V - The Empire Strikes Back,Star Wars: Episode V - The Empire Strikes Back (1980),1980,"https://m.media-amazon.com/images/M/MV5BYmU1NDRjNDgtMzhiMi00NjZmLTg5NGItZDNiZjU5NTU4OTE0XkEyXkFqcGdeQXVyNzkwMjQ5NzM@._V1_UX128_CR0,3,128,176_AL_.jpg","Irvin Kershner (dir.), Mark Hamill, Harrison Ford",8.7,1283521
tt0133093,16,The Matrix,The Matrix (1999),1999,"https://m.media-amazon.com/images/M/MV5BNzQzOTk3OTAtNDQ0Zi00ZTVkLWI0MTEtMDllZjNkYzNjNTc4L2ltYWdlXkEyXkFqcGdeQXVyNjU0OTQ0OTY@._V1_UX128_CR0,3,128,176_AL_.jpg","Lana Wachowski (dir.), Keanu Reeves, Laurence Fishburne",8.7,1899121
tt0099685,17,Goodfellas,Goodfellas (1990),1990,"https://m.media-amazon.com/images/M/MV5BY2NkZjEzMDgtN2RjYy00YzM1LWI4ZmQtMjIwYjFjNmI3ZGEwXkEyXkFqcGdeQXVyNzkwMjQ5NzM@._V1_UX128_CR0,3,128,176_AL_.jpg","Martin Scorsese (dir.), Robert De Niro, Ray Liotta",8.7,1151217
tt0073486,18,One Flew Over the Cuckoo's Nest,One Flew Over the Cuckoo's Nest (1975),1975,"https://m.media-amazon.com/images/M/MV5BZjA0OWVhOTAtYWQxNi00YzNhLWI4ZjYtNjFjZTEyYjJlNDVlL2ltYWdlL2ltYWdlXkEyXkFqcGdeQXVyMTQxNzMzNDI@._V1_UX128_CR0,3,128,176_AL_.jpg","Milos Forman (dir.), Jack Nicholson, Louise Fletcher",8.6,1002585
tt0114369,19,Se7en,Se7en (1995),1995,"https://m.media-amazon.com/images/M/MV5BOTUwODM5MTctZjczMi00OTk4LTg3NWUtNmVhMTAzNTNjYjcyXkEyXkFqcGdeQXVyNjU0OTQ0OTY@._V1_UX128_CR0,3,128,176_AL_.jpg","David Fincher (dir.), Morgan Freeman, Brad Pitt",8.6,1636929
tt0047478,20,Seven Samurai,Seven Samurai (1954),1954,"https://m.media-amazon.com/images/M/MV5BNWQ3OTM4ZGItMWEwZi00MjI5LWI3YzgtNTYwNWRkNmIzMGI5XkEyXkFqcGdeQXVyNDY2MTk1ODk@._V1_UX128_CR0,1,128,176_AL_.jpg","Akira Kurosawa (dir.), Toshirô Mifune, Takashi Shimura",8.6,345096
tt0038650,21,It's a Wonderful Life,It's a Wonderful Life (1946),1946,"https://m.media-amazon.com/images/M/MV5BZjc4NDZhZWMtNGEzYS00ZWU2LThlM2ItNTA0YzQ0OTExMTE2XkEyXkFqcGdeQXVyNjUwMzI2NzU@._V1_UX128_CR0,3,128,176_AL_.jpg","Frank Capra (dir.), James Stewart, Donna Reed",8.6,453481
tt0102926,22,The Silence of the Lambs,The Silence of the Lambs (1991),1991,"https://m.media-amazon.com/images/M/MV5BNjNhZTk0ZmEtNjJhMi00YzFlLWE1MmEtYzM1M2ZmMGMwMTU4XkEyXkFqcGdeQXVyNjU0OTQ0OTY@._V1_UX128_CR0,3,128,176_AL_.jpg","Jonathan Demme (dir.), Jodie Foster, Anthony Hopkins",8.6,1421251
tt0317248,23,City of God,City of God (2002),2002,"https://m.media-amazon.com/images/M/MV5BOTMwYjc5ZmItYTFjZC00ZGQ3LTlkNTMtMjZiNTZlMWQzNzI5XkEyXkFqcGdeQXVyNzkwMjQ5NzM@._V1_UX128_CR0,3,128,176_AL_.jpg","Fernando Meirelles (dir.), Alexandre Rodrigues, Leandro Firmino",8.6,753523
tt0120815,24,Saving Private Ryan,Saving Private Ryan (1998),1998,"https://m.media-amazon.com/images/M/MV5BZjhkMDM4MWItZTVjOC00ZDRhLThmYTAtM2I5NzBmNmNlMzI1XkEyXkFqcGdeQXVyNDYyMDk5MTU@._V1_UX128_CR0,3,128,176_AL_.jpg","Steven Spielberg (dir.), Tom Hanks, Matt Damon",8.6,1380951
tt0118799,25,Life Is Beautiful,Life Is Beautiful (1997),1997,"https://m.media-amazon.com/images/M/MV5BYmJmM2Q4NmMtYThmNC00ZjRlLWEyZmItZTIwOTBlZDQ3NTQ1XkEyXkFqcGdeQXVyMTQxNzMzNDI@._V1_UX128_CR0,3,128,176_AL_.jpg","Roberto Benigni (dir.), Roberto Benigni, Nicoletta Braschi",8.6,690939
tt0816692,26,Interstellar,Interstellar (2014),2014,"https://m.media-amazon.com/images/M/MV5BZjdkOTU3MDktN2IxOS00OGEyLWFmMjktY2FiMmZkNWIyODZiXkEyXkFqcGdeQXVyMTMxODk2OTU@._V1_UX128_CR0,3,128,176_AL_.jpg","Christopher Nolan (dir.), Matthew McConaughey, Anne Hathaway",8.6,1802048
tt0120689,27,The Green Mile,The Green Mile (1999),1999,"https://m.media-amazon.com/images/M/MV5BMTUxMzQyNjA5MF5BMl5BanBnXkFtZTYwOTU2NTY3._V1_UX128_CR0,3,128,176_AL_.jpg","Frank Darabont (dir.), Tom Hanks, Michael Clarke Duncan",8.6,1290895
tt0076759,28,Star Wars: Episode IV - A New Hope,Star Wars: Episode IV - A New Hope (1977),1977,"https://m.media-amazon.com/images/M/MV5BOTA5NjhiOTAtZWM0ZC00MWNhLThiMzEtZDFkOTk2OTU1ZDJkXkEyXkFqcGdeQXVyMTA4NDI1NTQx._V1_UX128_CR0,3,128,176_AL_.jpg","George Lucas (dir.), Mark Hamill, Harrison Ford",8.6,1356149
tt0103064,29,Terminator 2: Judgment Day,Terminator 2: Judgment Day (1991),1991,"https://m.media-amazon.com/images/M/MV5BMGU2NzRmZjUtOGUxYS00ZjdjLWEwZWItY2NlM2JhNjkxNTFmXkEyXkFqcGdeQXVyNjU0OTQ0OTY@._V1_UX128_CR0,3,128,176_AL_.jpg","James Cameron (dir.), Arnold Schwarzenegger, Linda Hamilton",8.5,1092174
tt0088763,30,Back to the Future,Back to the Future (1985),1985,"https://m.media-amazon.com/images/M/MV5BZmU0M2Y1OGUtZjIxNi00ZjBkLTg1MjgtOWIyNThiZWIwYjRiXkEyXkFqcGdeQXVyMTQxNzMzNDI@._V1_UX128_CR0,3,128,176_AL_.jpg","Robert Zemeckis (dir.), Michael J. Fox, Christopher Lloyd",8.5,1194462
tt0245429,31,Spirited Away,Spirited Away (2001),2001,"https://m.media-amazon.com/images/M/MV5BMjlmZmI5MDctNDE2YS00YWE0LWE5ZWItZDBhYWQ0NTcxNWRhXkEyXkFqcGdeQXVyMTMxODk2OTU@._V1_UX128_CR0,3,128,176_AL_.jpg","Hayao Miyazaki (dir.), Daveigh Chase, Suzanne Pleshette",8.5,756355
tt0054215,32,Psycho,Psycho (1960),1960,"https://m.media-amazon.com/images/M/MV5BNTQwNDM1YzItNDAxZC00NWY2LTk0M2UtNDIwNWI5OGUyNWUxXkEyXkFqcGdeQXVyNzkwMjQ5NzM@._V1_UX128_CR0,3,128,176_AL_.jpg","Alfred Hitchcock (dir.), Anthony Perkins, Janet Leigh",8.5,668757
tt0253474,33,The Pianist,The Pianist (2002),2002,"https://m.media-amazon.com/images/M/MV5BOWRiZDIxZjktMTA1NC00MDQ2LWEzMjUtMTliZmY3NjQ3ODJiXkEyXkFqcGdeQXVyNjU0OTQ0OTY@._V1_UY176_CR0,0,128,176_AL_.jpg","Roman Polanski (dir.), Adrien Brody, Thomas Kretschmann",8.5,825891
tt6751668,34,Parasite,Parasite (2019),2019,"https://m.media-amazon.com/images/M/MV5BYWZjMjk3ZTItODQ2ZC00NTY5LWE0ZDYtZTI3MjcwN2Q5NTVkXkEyXkFqcGdeQXVyODk4OTc3MTY@._V1_UX128_CR0,3,128,176_AL_.jpg","Bong Joon Ho (dir.), Song Kang-ho, Lee Sun-kyun",8.5,787461
tt0110413,35,Léon: The Professional,Léon: The Professional (1994),1994,"https://m.media-amazon.com/images/M/MV5BOTgyMWQ0ZWUtN2Q2MS00NmY0LWI3OWMtNjFkMzZlNDZjNTk0XkEyXkFqcGdeQXVyMjUzOTY1NTc@._V1_UX128_CR0,3,128,176_AL_.jpg","Luc Besson (dir.), Jean Reno, Gary Oldman",8.5,1153119
tt0110357,36,The Lion King,The Lion King (1994),1994,"https://m.media-amazon.com/images/M/MV5BYTYxNGMyZTYtMjE3MS00MzNjLWFjNmYtMDk3N2FmM2JiM2M1XkEyXkFqcGdeQXVyNjY5NDU4NzI@._V1_UX128_CR0,3,128,176_AL_.jpg","Roger Allers (dir.), Matthew Broderick, Jeremy Irons",8.5,1050663
tt0172495,37,Gladiator,Gladiator (2000),2000,"https://m.media-amazon.com/images/M/MV5BMDliMmNhNDEtODUyOS00MjNlLTgxODEtN2U3NzIxMGVkZTA1L2ltYWdlXkEyXkFqcGdeQXVyNjU0OTQ0OTY@._V1_UX128_CR0,3,128,176_AL_.jpg","Ridley Scott (dir.), Russell Crowe, Joaquin Phoenix",8.5,1489210
tt0120586,38,American History X,American History X (1998),1998,"https://m.media-amazon.com/images/M/MV5BZTJhN2FkYWEtMGI0My00YWM4LWI2MjAtM2UwNjY4MTI2ZTQyXkEyXkFqcGdeQXVyNjc3MjQzNTI@._V1_UX128_CR0,3,128,176_AL_.jpg","Tony Kaye (dir.), Edward Norton, Edward Furlong",8.5,1116793
tt0407887,39,The Departed,The Departed (2006),2006,"https://m.media-amazon.com/images/M/MV5BMTI1MTY2OTIxNV5BMl5BanBnXkFtZTYwNjQ4NjY3._V1_UX128_CR0,3,128,176_AL_.jpg","Martin Scorsese (dir.), Leonardo DiCaprio, Matt Damon",8.5,1316099
tt0114814,40,The Usual Suspects,The Usual Suspects (1995),1995,"https://m.media-amazon.com/images/M/MV5BYTViNjMyNmUtNDFkNC00ZDRlLThmMDUtZDU2YWE4NGI2ZjVmXkEyXkFqcGdeQXVyNjU0OTQ0OTY@._V1_UX128_CR0,3,128,176_AL_.jpg","Bryan Singer (dir.), Kevin Spacey, Gabriel Byrne",8.5,1079719
tt0482571,41,The Prestige,The Prestige (2006),2006,"https://m.media-amazon.com/images/M/MV5BMjA4NDI0MTIxNF5BMl5BanBnXkFtZTYwNTM0MzY2._V1_UX128_CR0,3,128,176_AL_.jpg","Christopher Nolan (dir.), Christian Bale, Hugh Jackman",8.5,1323782
tt2582802,42,Whiplash,Whiplash (2014),2014,"https://m.media-amazon.com/images/M/MV5BOTA5NDZlZGUtMjAxOS00YTRkLTkwYmMtYWQ0NWEwZDZiNjEzXkEyXkFqcGdeQXVyMTMxODk2OTU@._V1_UX128_CR0,3,128,176_AL_.jpg","Damien Chazelle (dir.), Miles Teller, J.K. Simmons",8.5,848365
tt0034583,43,Casablanca,Casablanca (1942),1942,"https://m.media-amazon.com/images/M/MV5BY2IzZGY2YmEtYzljNS00NTM5LTgwMzUtMzM1NjQ4NGI0OTk0XkEyXkFqcGdeQXVyNDYyMDk5MTU@._V1_UX128_CR0,3,128,176_AL_.jpg","Michael Curtiz (dir.), Humphrey Bogart, Ingrid Bergman",8.5,569540
tt1675434,44,The Intouchables,The Intouchables (2011),2011,"https://m.media-amazon.com/images/M/MV5BMTYxNDA3MDQwNl5BMl5BanBnXkFtZTcwNTU4Mzc1Nw@@._V1_UX128_CR0,3,128,176_AL_.jpg","Olivier Nakache (dir.), François Cluzet, Omar Sy",8.5,851899
tt0056058,45,Harakiri,Harakiri (1962),1962,"https://m.media-amazon.com/images/M/MV5BYjBmYTQ1NjItZWU5MS00YjI0LTg2OTYtYmFkN2JkMmNiNWVkXkEyXkFqcGdeQXVyMTMxMTY0OTQ@._V1_UY176_CR0,0,128,176_AL_.jpg","Masaki Kobayashi (dir.), Tatsuya Nakadai, Akira Ishihama",8.5,56991
tt0095327,46,Grave of the Fireflies,Grave of the Fireflies (1988),1988,"https://m.media-amazon.com/images/M/MV5BZmY2NjUzNDQtNTgxNC00M2Q4LTljOWQtMjNjNDBjNWUxNmJlXkEyXkFqcGdeQXVyNTA4NzY1MzY@._V1_UX128_CR0,3,128,176_AL_.jpg","Isao Takahata (dir.), Tsutomu Tatsumi, Ayano Shiraishi",8.5,275813
tt0027977,47,Modern Times,Modern Times (1936),1936,"https://m.media-amazon.com/images/M/MV5BYjJiZjMzYzktNjU0NS00OTkxLWEwYzItYzdhYWJjN2QzMTRlL2ltYWdlL2ltYWdlXkEyXkFqcGdeQXVyNjU0OTQ0OTY@._V1_UX128_CR0,3,128,176_AL_.jpg","Charles Chaplin (dir.), Charles Chaplin, Paulette Goddard",8.4,242117
tt0064116,48,Once Upon a Time in the West,Once Upon a Time in the West (1968),1968,"https://m.media-amazon.com/images/M/MV5BODQ3NDExOGYtMzI3Mi00NWRlLTkwNjAtNjc4MDgzZGJiZTA1XkEyXkFqcGdeQXVyMjUzOTY1NTc@._V1_UX128_CR0,3,128,176_AL_.jpg","Sergio Leone (dir.), Henry Fonda, Charles Bronson",8.4,328656
tt0047396,49,Rear Window,Rear Window (1954),1954,"https://m.media-amazon.com/images/M/MV5BNGUxYWM3M2MtMGM3Mi00ZmRiLWE0NGQtZjE5ODI2OTJhNTU0XkEyXkFqcGdeQXVyMTQxNzMzNDI@._V1_UX128_CR0,3,128,176_AL_.jpg","Alfred Hitchcock (dir.), James Stewart, Grace Kelly",8.4,490175
tt0078748,50,Alien,Alien (1979),1979,"https://m.media-amazon.com/images/M/MV5BOGQzZTBjMjQtOTVmMS00NGE5LWEyYmMtOGQ1ZGZjNmRkYjFhXkEyXkFqcGdeQXVyMjUzOTY1NTc@._V1_UX128_CR0,3,128,176_AL_.jpg","Ridley Scott (dir.), Sigourney Weaver, Tom Skerritt",8.4,876971
tt0021749,51,City Lights,City Lights (1931),1931,"https://m.media-amazon.com/images/M/MV5BY2I4MmM1N2EtM2YzOS00OWUzLTkzYzctNDc5NDg2N2IyODJmXkEyXkFqcGdeQXVyNzkwMjQ5NzM@._V1_UX128_CR0,3,128,176_AL_.jpg","Charles Chaplin (dir.), Charles Chaplin, Virginia Cherrill",8.4,184706
tt0095765,52,Cinema Paradiso,Cinema Paradiso (1988),1988,"https://m.media-amazon.com/images/M/MV5BM2FhYjEyYmYtMDI1Yy00YTdlLWI2NWQtYmEzNzAxOGY1NjY2XkEyXkFqcGdeQXVyNTA3NTIyNDg@._V1_UX128_CR0,3,128,176_AL_.jpg","Giuseppe Tornatore (dir.), Philippe Noiret, Enzo Cannavale",8.4,260453
tt0078788,53,Apocalypse Now,Apocalypse Now (1979),1979,"https://m.media-amazon.com/images/M/MV5BYmQyNTA1ZGItNjZjMi00NzFlLWEzMWEtNWMwN2Q2MjJhYzEyXkEyXkFqcGdeQXVyMjUzOTY1NTc@._V1_UX128_CR0,3,128,176_AL_.jpg","Francis Ford Coppola (dir.), Martin Sheen, Marlon Brando",8.4,664467
tt0209144,54,Memento,Memento (2000),2000,"https://m.media-amazon.com/images/M/MV5BZTcyNjk1MjgtOWI3Mi00YzQwLWI5MTktMzY4ZmI2NDAyNzYzXkEyXkFqcGdeQXVyNjU0OTQ0OTY@._V1_UX128_CR0,3,128,176_AL_.jpg","Christopher Nolan (dir.), Guy Pearce, Carrie-Anne Moss",8.4,1231137
tt0082971,55,Indiana Jones and the Raiders of the Lost Ark,Indiana Jones and the Raiders of the Lost Ark (1981),1981,"https://m.media-amazon.com/images/M/MV5BNTU2ODkyY2MtMjU1NC00NjE1LWEzYjgtMWQ3MzRhMTE0NDc0XkEyXkFqcGdeQXVyMjM4MzQ4OTQ@._V1_UX128_CR0,3,128,176_AL_.jpg","Steven Spielberg (dir.), Harrison Ford, Karen Allen",8.4,960977
tt1853728,56,Django Unchained,Django Unchained (2012),2012,"https://m.media-amazon.com/images/M/MV5BMjIyNTQ5NjQ1OV5BMl5BanBnXkFtZTcwODg1MDU4OA@@._V1_UX128_CR0,3,128,176_AL_.jpg","Quentin Tarantino (dir.), Jamie Foxx, Christoph Waltz",8.4,1538850
tt0910970,57,WALL·E,WALL·E (2008),2008,"https://m.media-amazon.com/images/M/MV5BMjExMTg5OTU0NF5BMl5BanBnXkFtZTcwMjMxMzMzMw@@._V1_UX128_CR0,3,128,176_AL_.jpg","Andrew Stanton (dir.), Ben Burtt, Elissa Knight",8.4,1109052
tt0405094,58,The Lives of Others,The Lives of Others (2006),2006,"https://m.media-amazon.com/images/M/MV5BNmQyNmJjM2ItNTQzYi00ZjMxLWFjMDYtZjUyN2YwZDk5YWQ2XkEyXkFqcGdeQXVyMjUzOTY1NTc@._V1_UX128_CR0,3,128,176_AL_.jpg","Florian Henckel von Donnersmarck (dir.), Ulrich Mühe, Martina Gedeck",8.4,389041
tt0043014,59,Sunset Blvd.,Sunset Blvd. (1950),1950,"https://m.media-amazon.com/images/M/MV5BMTU0NTkyNzYwMF5BMl5BanBnXkFtZTgwMDU0NDk5MTI@._V1_UX128_CR0,3,128,176_AL_.jpg","Billy Wilder (dir.), William Holden, Gloria Swanson",8.4,221844
tt0050825,60,Paths of Glory,Paths of Glory (1957),1957,"https://m.media-amazon.com/images/M/MV5BOTI5Nzc0OTMtYzBkMS00NjkxLThmM2UtNjM2ODgxN2M5NjNkXkEyXkFqcGdeQXVyNjQ2MjQ5NzM@._V1_UX128_CR0,3,128,176_AL_.jpg","Stanley Kubrick (dir.), Kirk Douglas, Ralph Meeker",8.4,197354
tt0081505,61,The Shining,The Shining (1980),1980,"https://m.media-amazon.com/images/M/MV5BZWFlYmY2MGEtZjVkYS00YzU4LTg0YjQtYzY1ZGE3NTA5NGQxXkEyXkFqcGdeQXVyMTQxNzMzNDI@._V1_UX128_CR0,3,128,176_AL_.jpg","Stanley Kubrick (dir.), Jack Nicholson, Shelley Duvall",8.4,1014330
tt0032553,62,The Great Dictator,The Great Dictator (1940),1940,"https://m.media-amazon.com/images/M/MV5BMmExYWJjNTktNGUyZS00ODhmLTkxYzAtNWIzOGEyMGNiMmUwXkEyXkFqcGdeQXVyNjU0OTQ0OTY@._V1_UX128_CR0,3,128,176_AL_.jpg","Charles Chaplin (dir.), Charles Chaplin, Paulette Goddard",8.4,223847
tt4154756,63,Avengers: Infinity War,Avengers: Infinity War (2018),2018,"https://m.media-amazon.com/images/M/MV5BMjMxNjY2MDU1OV5BMl5BanBnXkFtZTgwNzY1MTUwNTM@._V1_UX128_CR0,3,128,176_AL_.jpg","Anthony Russo (dir.), Robert Downey Jr., Chris Hemsworth",8.4,1066830
tt0051201,64,Witness for the Prosecution,Witness for the Prosecution (1957),1957,"https://m.media-amazon.com/images/M/MV5BNDQwODU5OWYtNDcyNi00MDQ1LThiOGMtZDkwNWJiM2Y3MDg0XkEyXkFqcGdeQXVyMDI2NDg0NQ@@._V1_UX128_CR0,3,128,176_AL_.jpg","Billy Wilder (dir.), Tyrone Power, Marlene Dietrich",8.4,125513
tt0090605,65,Aliens,Aliens (1986),1986,"https://m.media-amazon.com/images/M/MV5BZGU2OGY5ZTYtMWNhYy00NjZiLWI0NjUtZmNhY2JhNDRmODU3XkEyXkFqcGdeQXVyNzkwMjQ5NzM@._V1_UX128_CR0,3,128,176_AL_.jpg","James Cameron (dir.), Sigourney Weaver, Michael Biehn",8.3,714587
tt0169547,66,American Beauty,American Beauty (1999),1999,"https://m.media-amazon.com/images/M/MV5BNTBmZWJkNjctNDhiNC00MGE2LWEwOTctZTk5OGVhMWMyNmVhXkEyXkFqcGdeQXVyMTMxODk2OTU@._V1_UX128_CR0,3,128,176_AL_.jpg","Sam Mendes (dir.), Kevin Spacey, Annette Bening",8.3,1150012
tt4633694,67,Spider-Man: Into the Spider-Verse,Spider-Man: Into the Spider-Verse (2018),2018,"https://m.media-amazon.com/images/M/MV5BMjMwNDkxMTgzOF5BMl5BanBnXkFtZTgwNTkwNTQ3NjM@._V1_UX128_CR0,3,128,176_AL_.jpg","Bob Persichetti (dir.), Shameik Moore, Jake Johnson",8.3,520895
tt0057012,68,Dr. Strangelove or: How I Learned to Stop Worrying and Love the Bomb,Dr. Strangelove or: How I Learned to Stop Worrying and Love the Bomb (1964),1964,"https://m.media-amazon.com/images/M/MV5BZWI3ZTMxNjctMjdlNS00NmUwLWFiM2YtZDUyY2I3N2MxYTE0XkEyXkFqcGdeQXVyNzkwMjQ5NzM@._V1_UX128_CR0,3,128,176_AL_.jpg","Stanley Kubrick (dir.), Peter Sellers, George C. Scott",8.3,489827
tt1345836,69,The Dark Knight Rises,The Dark Knight Rises (2012),2012,"https://m.media-amazon.com/images/M/MV5BMTk4ODQzNDY3Ml5BMl5BanBnXkFtZTcwODA0NTM4Nw@@._V1_UX128_CR0,3,128,176_AL_.jpg","Christopher Nolan (dir.), Christian Bale, Tom Hardy",8.3,1693168
tt0364569,70,Oldboy,Oldboy (2003),2003,"https://m.media-amazon.com/images/M/MV5BMTI3NTQyMzU5M15BMl5BanBnXkFtZTcwMTM2MjgyMQ@@._V1_UX128_CR0,3,128,176_AL_.jpg","Park Chan-wook (dir.), Choi Min-sik, Yoo Ji-tae",8.3,576205
tt7286456,71,Joker,Joker (2019),2019,"https://m.media-amazon.com/images/M/MV5BNGVjNWI4ZGUtNzE0MS00YTJmLWE0ZDctN2ZiYTk2YmI3NTYyXkEyXkFqcGdeQXVyMTkxNjUyNQ@@._V1_UX128_CR0,3,128,176_AL_.jpg","Todd Phillips (dir.), Joaquin Phoenix, Robert De Niro",8.3,1259791
tt0086879,72,Amadeus,Amadeus (1984),1984,"https://m.media-amazon.com/images/M/MV5BNWJlNzUzNGMtYTAwMS00ZjI2LWFmNWQtODcxNWUxODA5YmU1XkEyXkFqcGdeQXVyNTIzOTk5ODM@._V1_UX128_CR0,3,128,176_AL_.jpg","Milos Forman (dir.), F. Murray Abraham, Tom Hulce",8.3,400300
tt0361748,73,Inglourious Basterds,Inglourious Basterds (2009),2009,"https://m.media-amazon.com/images/M/MV5BOTJiNDEzOWYtMTVjOC00ZjlmLWE0NGMtZmE1OWVmZDQ2OWJhXkEyXkFqcGdeQXVyNTIzOTk5ODM@._V1_UX128_CR0,3,128,176_AL_.jpg","Quentin Tarantino (dir.), Brad Pitt, Diane Kruger",8.3,1435426
tt2380307,74,Coco,Coco (2017),2017,"https://m.media-amazon.com/images/M/MV5BYjQ5NjM0Y2YtNjZkNC00ZDhkLWJjMWItN2QyNzFkMDE3ZjAxXkEyXkFqcGdeQXVyODIxMzk5NjA@._V1_UX128_CR0,1,128,176_AL_.jpg","Lee Unkrich (dir.), Anthony Gonzalez, Gael García Bernal",8.3,501195
tt0114709,75,Toy Story,Toy Story (1995),1995,"https://m.media-amazon.com/images/M/MV5BMDU2ZWJlMjktMTRhMy00ZTA5LWEzNDgtYmNmZTEwZTViZWJkXkEyXkFqcGdeQXVyNDQ2OTk4MzI@._V1_UX128_CR0,3,128,176_AL_.jpg","John Lasseter (dir.), Tom Hanks, Tim Allen",8.3,987918
tt0112573,76,Braveheart,Braveheart (1995),1995,"https://m.media-amazon.com/images/M/MV5BMzkzMmU0YTYtOWM3My00YzBmLWI0YzctOGYyNTkwMWE5MTJkXkEyXkFqcGdeQXVyNzkwMjQ5NzM@._V1_UX128_CR0,3,128,176_AL_.jpg","Mel Gibson (dir.), Mel Gibson, Sophie Marceau",8.3,1033651
tt0082096,77,The Boat,The Boat (1981),1981,"https://m.media-amazon.com/images/M/MV5BNDBjMWUxNTUtNjZiNi00YzJhLTgzNzUtMTRiY2FkZmMzYTNjXkEyXkFqcGdeQXVyMTUzMDUzNTI3._V1_UX128_CR0,3,128,176_AL_.jpg","Wolfgang Petersen (dir.), Jürgen Prochnow, Herbert Grönemeyer",8.3,251052
tt4154796,78,Avengers: Endgame,Avengers: Endgame (2019),2019,"https://m.media-amazon.com/images/M/MV5BMTc5MDE2ODcwNV5BMl5BanBnXkFtZTgwMzI2NzQ2NzM@._V1_UX128_CR0,3,128,176_AL_.jpg","Anthony Russo (dir.), Robert Downey Jr., Chris Evans",8.3,1113545
tt0119698,79,Princess Mononoke,Princess Mononoke (1997),1997,"https://m.media-amazon.com/images/M/MV5BNGIzY2IzODQtNThmMi00ZDE4LWI5YzAtNzNlZTM1ZjYyYjUyXkEyXkFqcGdeQXVyODEzNjM5OTQ@._V1_UX128_CR0,3,128,176_AL_.jpg","Hayao Miyazaki (dir.), Yôji Matsuda, Yuriko Ishida",8.3,392821
tt1745960,80,Top Gun: Maverick,Top Gun: Maverick (2022),2022,"https://m.media-amazon.com/images/M/MV5BZWYzOGEwNTgtNWU3NS00ZTQ0LWJkODUtMmVhMjIwMjA1ZmQwXkEyXkFqcGdeQXVyMjkwOTAyMDU@._V1_UX128_CR0,3,128,176_AL_.jpg","Joseph Kosinski (dir.), Tom Cruise, Jennifer Connelly",8.3,415674
tt0087843,81,Once Upon a Time in America,Once Upon a Time in America (1984),1984,"https://m.media-amazon.com/images/M/MV5BMGFkNWI4MTMtNGQ0OC00MWVmLTk3MTktOGYxN2Y2YWVkZWE2XkEyXkFqcGdeQXVyNjU0OTQ0OTY@._V1_UX128_CR0,3,128,176_AL_.jpg","Sergio Leone (dir.), Robert De Niro, James Woods",8.3,351242
tt0119217,82,Good Will Hunting,Good Will Hunting (1997),1997,"https://m.media-amazon.com/images/M/MV5BOTI0MzcxMTYtZDVkMy00NjY1LTgyMTYtZmUxN2M3NmQ2NWJhXkEyXkFqcGdeQXVyMTQxNzMzNDI@._V1_UX128_CR0,3,128,176_AL_.jpg","Gus Van Sant (dir.), Robin Williams, Matt Damon",8.3,960717
tt5311514,83,Your Name.,Your Name. (2016),2016,"https://m.media-amazon.com/images/M/MV5BODRmZDVmNzUtZDA4ZC00NjhkLWI2M2UtN2M0ZDIzNDcxYThjL2ltYWdlXkEyXkFqcGdeQXVyNTk0MzMzODA@._V1_UX128_CR0,3,128,176_AL_.jpg","Makoto Shinkai (dir.), Ryûnosuke Kamiki, Mone Kamishiraishi",8.3,265456
tt0180093,84,Requiem for a Dream,Requiem for a Dream (2000),2000,"https://m.media-amazon.com/images/M/MV5BOTdiNzJlOWUtNWMwNS00NmFlLWI0YTEtZmI3YjIzZWUyY2Y3XkEyXkFqcGdeQXVyNjU0OTQ0OTY@._V1_UX128_CR0,3,128,176_AL_.jpg","Darren Aronofsky (dir.), Ellen Burstyn, Jared Leto",8.3,837919
tt0435761,85,Toy Story 3,Toy Story 3 (2010),2010,"https://m.media-amazon.com/images/M/MV5BMTgxOTY4Mjc0MF5BMl5BanBnXkFtZTcwNTA4MDQyMw@@._V1_UX128_CR0,1,128,176_AL_.jpg","Lee Unkrich (dir.), Tom Hanks, Tim Allen",8.3,832223
tt0045152,86,Singin' in the Rain,Singin' in the Rain (1952),1952,"https://m.media-amazon.com/images/M/MV5BZDRjNGViMjQtOThlMi00MTA3LThkYzQtNzJkYjBkMGE0YzE1XkEyXkFqcGdeQXVyNDYyMDk5MTU@._V1_UX128_CR0,3,128,176_AL_.jpg","Stanley Donen (dir.), Gene Kelly, Donald O'Connor",8.3,242185
tt1187043,87,3 Idiots,3 Idiots (2009),2009,"https://m.media-amazon.com/images/M/MV5BNTkyOGVjMGEtNmQzZi00NzFlLTlhOWQtODYyMDc2ZGJmYzFhXkEyXkFqcGdeQXVyNjU0OTQ0OTY@._V1_UX128_CR0,1,128,176_AL_.jpg","Rajkumar Hirani (dir.), Aamir Khan, Madhavan",8.3,398799
tt0057565,88,High and Low,High and Low (1963),1963,"https://m.media-amazon.com/images/M/MV5BZGQ1NWZlYjctNDJmOS00MmU2LTg1ODItNmZiM2ZkNzJhNDI0XkEyXkFqcGdeQXVyNjc1NTYyMjg@._V1_UX128_CR0,1,128,176_AL_.jpg","Akira Kurosawa (dir.), Toshirô Mifune, Yutaka Sada",8.3,45093
tt0086190,89,Star Wars: Episode VI - Return of the Jedi,Star Wars: Episode VI - Return of the Jedi (1983),1983,"https://m.media-amazon.com/images/M/MV5BOWZlMjFiYzgtMTUzNC00Y2IzLTk1NTMtZmNhMTczNTk0ODk1XkEyXkFqcGdeQXVyNTAyODkwOQ@@._V1_UX128_CR0,3,128,176_AL_.jpg","Richard Marquand (dir.), Mark Hamill, Harrison Ford",8.3,1047772
tt0062622,90,2001: A Space Odyssey,2001: A Space Odyssey (1968),1968,"https://m.media-amazon.com/images/M/MV5BMmNlYzRiNDctZWNhMi00MzI4LThkZTctMTUzMmZkMmFmNThmXkEyXkFqcGdeQXVyNzkwMjQ5NzM@._V1_UX128_CR0,3,128,176_AL_.jpg","Stanley Kubrick (dir.), Keir Dullea, Gary Lockwood",8.3,665861
tt0338013,91,Eternal Sunshine of the Spotless Mind,Eternal Sunshine of the Spotless Mind (2004),2004,"https://m.media-amazon.com/images/M/MV5BMTY4NzcwODg3Nl5BMl5BanBnXkFtZTcwNTEwOTMyMw@@._V1_UX128_CR0,3,128,176_AL_.jpg","Michel Gondry (dir.), Jim Carrey, Kate Winslet",8.3,1001811
tt8267604,92,Capernaum,Capernaum (2018),2018,"https://m.media-amazon.com/images/M/MV5BY2Y3OWNkMTctYzNjYS00NWVkLTg4OWEtY2YxN2I3NDhlYzE0XkEyXkFqcGdeQXVyMTI3ODAyMzE2._V1_UX128_CR0,1,128,176_AL_.jpg","Nadine Labaki (dir.), Zain Al Rafeea, Yordanos Shiferaw",8.3,89259
tt0105236,93,Reservoir Dogs,Reservoir Dogs (1992),1992,"https://m.media-amazon.com/images/M/MV5BZmExNmEwYWItYmQzOS00YjA5LTk2MjktZjEyZDE1Y2QxNjA1XkEyXkFqcGdeQXVyMTQxNzMzNDI@._V1_UX128_CR0,3,128,176_AL_.jpg","Quentin Tarantino (dir.), Harvey Keitel, Tim Roth",8.3,1011863
tt2106476,94,The Hunt,The Hunt (2012),2012,"https://m.media-amazon.com/images/M/MV5BMTg2NDg3ODg4NF5BMl5BanBnXkFtZTcwNzk3NTc3Nw@@._V1_UX128_CR0,1,128,176_AL_.jpg","Thomas Vinterberg (dir.), Mads Mikkelsen, Thomas Bo Larsen",8.3,328771
tt0033467,95,Citizen Kane,Citizen Kane (1941),1941,"https://m.media-amazon.com/images/M/MV5BYjBiOTYxZWItMzdiZi00NjlkLWIzZTYtYmFhZjhiMTljOTdkXkEyXkFqcGdeQXVyNzkwMjQ5NzM@._V1_UX128_CR0,3,128,176_AL_.jpg","Orson Welles (dir.), Orson Welles, Joseph Cotten",8.3,441365
tt0056172,96,Lawrence of Arabia,Lawrence of Arabia (1962),1962,"https://m.media-amazon.com/images/M/MV5BYWY5ZjhjNGYtZmI2Ny00ODM0LWFkNzgtZmI1YzA2N2MxMzA0XkEyXkFqcGdeQXVyNjUwNzk3NDc@._V1_UX128_CR0,3,128,176_AL_.jpg","David Lean (dir.), Peter O'Toole, Alec Guinness",8.3,293527
tt0022100,97,M,M (1931),1931,"https://m.media-amazon.com/images/M/MV5BODA4ODk3OTEzMF5BMl5BanBnXkFtZTgwMTQ2ODMwMzE@._V1_UX128_CR0,3,128,176_AL_.jpg","Fritz Lang (dir.), Peter Lorre, Ellen Widmann",8.3,158138
tt0091251,98,Come and See,Come and See (1985),1985,"https://m.media-amazon.com/images/M/MV5BNzU3OTI1MjItYTJiZC00NDI0LWFlNGYtOTQ1OTVhNDgwM2U3XkEyXkFqcGdeQXVyNTc2MDU0NDE@._V1_UX128_CR0,3,128,176_AL_.jpg","Elem Klimov (dir.), Aleksey Kravchenko, Olga Mironova",8.3,79439
tt0053125,99,North by Northwest,North by Northwest (1959),1959,"https://m.media-amazon.com/images/M/MV5BZDA3NDExMTUtMDlhOC00MmQ5LWExZGUtYmI1NGVlZWI4OWNiXkEyXkFqcGdeQXVyNjc1NTYyMjg@._V1_UX128_CR0,3,128,176_AL_.jpg","Alfred Hitchcock (dir.), Cary Grant, Eva Marie Saint",8.2,327621
tt0052357,100,Vertigo,Vertigo (1958),1958,"https://m.media-amazon.com/images/M/MV5BYTE4ODEwZDUtNDFjOC00NjAxLWEzYTQtYTI1NGVmZmFlNjdiL2ltYWdlL2ltYWdlXkEyXkFqcGdeQXVyNjc1NTYyMjg@._V1_UX128_CR0,3,128,176_AL_.jpg","Alfred Hitchcock (dir.), James Stewart, Kim Novak",8.2,401613
tt0211915,101,Amélie,Amélie (2001),2001,"https://m.media-amazon.com/images/M/MV5BNDg4NjM1YjMtYmNhZC00MjM0LWFiZmYtNGY1YjA3MzZmODc5XkEyXkFqcGdeQXVyNDk3NzU2MTQ@._V1_UX128_CR0,3,128,176_AL_.jpg","Jean-Pierre Jeunet (dir.), Audrey Tautou, Mathieu Kassovitz",8.2,754426
tt0066921,102,A Clockwork Orange,A Clockwork Orange (1971),1971,"https://m.media-amazon.com/images/M/MV5BMTY3MjM1Mzc4N15BMl5BanBnXkFtZTgwODM0NzAxMDE@._V1_UX128_CR0,3,128,176_AL_.jpg","Stanley Kubrick (dir.), Malcolm McDowell, Patrick Magee",8.2,826234
tt0053604,103,The Apartment,The Apartment (1960),1960,"https://m.media-amazon.com/images/M/MV5BNzkwODFjNzItMmMwNi00MTU5LWE2MzktM2M4ZDczZGM1MmViXkEyXkFqcGdeQXVyNDY2MTk1ODk@._V1_UX128_CR0,3,128,176_AL_.jpg","Billy Wilder (dir.), Jack Lemmon, Shirley MacLaine",8.2,181637
tt0036775,104,Double Indemnity,Double Indemnity (1944),1944,"https://m.media-amazon.com/images/M/MV5BOTdlNjgyZGUtOTczYi00MDdhLTljZmMtYTEwZmRiOWFkYjRhXkEyXkFqcGdeQXVyNDY2MTk1ODk@._V1_UX128_CR0,3,128,176_AL_.jpg","Billy Wilder (dir.), Fred MacMurray, Barbara Stanwyck",8.2,157526
tt0093058,105,Full Metal Jacket,Full Metal Jacket (1987),1987,"https://m.media-amazon.com/images/M/MV5BNzkxODk0NjEtYjc4Mi00ZDI0LTgyYjEtYzc1NDkxY2YzYTgyXkEyXkFqcGdeQXVyNzkwMjQ5NzM@._V1_UX128_CR0,3,128,176_AL_.jpg","Stanley Kubrick (dir.), Matthew Modine, R. Lee Ermey",8.2,739532
tt0044741,106,Ikiru,Ikiru (1952),1952,"https://m.media-amazon.com/images/M/MV5BZTcyYmQ2NDMtNWI1NS00MTNiLTk0NDctNWMwNWExYTNlYzk3XkEyXkFqcGdeQXVyMTA0MTM5NjI2._V1_UX128_CR0,3,128,176_AL_.jpg","Akira Kurosawa (dir.), Takashi Shimura, Nobuo Kaneko",8.2,78674
tt0086250,107,Scarface,Scarface (1983),1983,"https://m.media-amazon.com/images/M/MV5BNjdjNGQ4NDEtNTEwYS00MTgxLTliYzQtYzE2ZDRiZjFhZmNlXkEyXkFqcGdeQXVyNjU0OTQ0OTY@._V1_UX128_CR0,3,128,176_AL_.jpg","Brian De Palma (dir.), Al Pacino, Michelle Pfeiffer",8.2,835243
tt8503618,108,Hamilton,Hamilton (2020),2020,"https://m.media-amazon.com/images/M/MV5BNjViNWRjYWEtZTI0NC00N2E3LTk0NGQtMjY4NTM3OGNkZjY0XkEyXkFqcGdeQXVyMjUxMTY3ODM@._V1_UX128_CR0,3,128,176_AL_.jpg","Thomas Kail (dir.), Lin-Manuel Miranda, Phillipa Soo",8.2,93652
tt0070735,109,The Sting,The Sting (1973),1973,"https://m.media-amazon.com/images/M/MV5BNGU3NjQ4YTMtZGJjOS00YTQ3LThmNmItMTI5MDE2ODI3NzY3XkEyXkFqcGdeQXVyMjUzOTY1NTc@._V1_UX128_CR0,3,128,176_AL_.jpg","George Roy Hill (dir.), Paul Newman, Robert Redford",8.2,262121
tt0056592,110,To Kill a Mockingbird,To Kill a Mockingbird (1962),1962,"https://m.media-amazon.com/images/M/MV5BNmVmYzcwNzMtMWM1NS00MWIyLThlMDEtYzUwZDgzODE1NmE2XkEyXkFqcGdeQXVyNzkwMjQ5NzM@._V1_UX128_CR0,3,128,176_AL_.jpg","Robert Mulligan (dir.), Gregory Peck, John Megna",8.2,316442
tt0113277,111,Heat,Heat (1995),1995,"https://m.media-amazon.com/images/M/MV5BYjZjNTJlZGUtZTE1Ny00ZDc4LTgwYjUtMzk0NDgwYzZjYTk1XkEyXkFqcGdeQXVyNjU0OTQ0OTY@._V1_UX128_CR0,1,128,176_AL_.jpg","Michael Mann (dir.), Al Pacino, Robert De Niro",8.2,651816
tt1049413,112,Up,Up (2009),2009,"https://m.media-amazon.com/images/M/MV5BMTk3NDE2NzI4NF5BMl5BanBnXkFtZTgwNzE1MzEyMTE@._V1_UX128_CR0,3,128,176_AL_.jpg","Pete Docter (dir.), Edward Asner, Jordan Nagai",8.2,1037781
tt1255953,113,Incendies,Incendies (2010),2010,"https://m.media-amazon.com/images/M/MV5BMWE3MGYzZjktY2Q5Mi00Y2NiLWIyYWUtMmIyNzA3YmZlMGFhXkEyXkFqcGdeQXVyMTMxODk2OTU@._V1_UX128_CR0,3,128,176_AL_.jpg","Denis Villeneuve (dir.), Lubna Azabal, Mélissa Désormeaux-Poulin",8.2,177385
tt0075314,114,Taxi Driver,Taxi Driver (1976),1976,"https://m.media-amazon.com/images/M/MV5BM2M1MmVhNDgtNmI0YS00ZDNmLTkyNjctNTJiYTQ2N2NmYzc2XkEyXkFqcGdeQXVyNzkwMjQ5NzM@._V1_UX128_CR0,3,128,176_AL_.jpg","Martin Scorsese (dir.), Robert De Niro, Jodie Foster",8.2,825282
tt0017136,115,Metropolis,Metropolis (1927),1927,"https://m.media-amazon.com/images/M/MV5BMTg5YWIyMWUtZDY5My00Zjc1LTljOTctYmI0MWRmY2M2NmRkXkEyXkFqcGdeQXVyMTMxODk2OTU@._V1_UX128_CR0,3,128,176_AL_.jpg","Fritz Lang (dir.), Brigitte Helm, Alfred Abel",8.2,174533
tt1832382,116,A Separation,A Separation (2011),2011,"https://m.media-amazon.com/images/M/MV5BN2JmMjViMjMtZTM5Mi00ZGZkLTk5YzctZDg5MjFjZDE4NjNkXkEyXkFqcGdeQXVyMTMxODk2OTU@._V1_UX128_CR0,3,128,176_AL_.jpg","Asghar Farhadi (dir.), Payman Maadi, Leila Hatami",8.2,245109
tt0119488,117,L.A. Confidential,L.A. Confidential (1997),1997,"https://m.media-amazon.com/images/M/MV5BMDQ2YzEyZGItYWRhOS00MjBmLTkzMDUtMTdjYzkyMmQxZTJlXkEyXkFqcGdeQXVyNjU0OTQ0OTY@._V1_UX128_CR0,3,128,176_AL_.jpg","Curtis Hanson (dir.), Kevin Spacey, Russell Crowe",8.2,581962
tt0208092,118,Snatch,Snatch (2000),2000,"https://m.media-amazon.com/images/M/MV5BMTA2NDYxOGYtYjU1Mi00Y2QzLTgxMTQtMWI1MGI0ZGQ5MmU4XkEyXkFqcGdeQXVyNDk3NzU2MTQ@._V1_UX128_CR0,3,128,176_AL_.jpg","Guy Ritchie (dir.), Jason Statham, Brad Pitt",8.2,852518
tt0095016,119,Die Hard,Die Hard (1988),1988,"https://m.media-amazon.com/images/M/MV5BZjRlNDUxZjAtOGQ4OC00OTNlLTgxNmQtYTBmMDgwZmNmNjkxXkEyXkFqcGdeQXVyNzkwMjQ5NzM@._V1_UX128_CR0,3,128,176_AL_.jpg","John McTiernan (dir.), Bruce Willis, Alan Rickman",8.2,872127
tt0040522,120,Bicycle Thieves,Bicycle Thieves (1948),1948,"https://m.media-amazon.com/images/M/MV5BNmI1ODdjODctMDlmMC00ZWViLWI5MzYtYzRhNDdjYmM3MzFjXkEyXkFqcGdeQXVyMTMxODk2OTU@._V1_UX128_CR0,3,128,176_AL_.jpg","Vittorio De Sica (dir.), Lamberto Maggiorani, Enzo Staiola",8.2,163701
tt0097576,121,Indiana Jones and the Last Crusade,Indiana Jones and the Last Crusade (1989),1989,"https://m.media-amazon.com/images/M/MV5BY2Q0ODg4ZmItNDZiYi00ZWY5LTg2NzctNmYwZjA5OThmNzE1XkEyXkFqcGdeQXVyMjM4MzQ4OTQ@._V1_UX128_CR0,3,128,176_AL_.jpg","Steven Spielberg (dir.), Harrison Ford, Sean Connery",8.2,751664
tt8579674,122,1917,1917 (2019),2019,"https://m.media-amazon.com/images/M/MV5BOTdmNTFjNDEtNzg0My00ZjkxLTg1ZDAtZTdkMDc2ZmFiNWQ1XkEyXkFqcGdeQXVyNTAzNzgwNTg@._V1_UX128_CR0,3,128,176_AL_.jpg","Sam Mendes (dir.), Dean-Charles Chapman, George MacKay",8.2,580391
tt0986264,123,Like Stars on Earth,Like Stars on Earth (2007),2007,"https://m.media-amazon.com/images/M/MV5BMDhjZWViN2MtNzgxOS00NmI4LThiZDQtZDI3MzM4MDE4NTc0XkEyXkFqcGdeQXVyMTMxODk2OTU@._V1_UX128_CR0,1,128,176_AL_.jpg","Aamir Khan (dir.), Darsheel Safary, Aamir Khan",8.2,193428
tt0363163,124,Downfall,Downfall (2004),2004,"https://m.media-amazon.com/images/M/MV5BMTU0NTU5NTAyMl5BMl5BanBnXkFtZTYwNzYwMDg2._V1_UX128_CR0,3,128,176_AL_.jpg","Oliver Hirschbiegel (dir.), Bruno Ganz, Alexandra Maria Lara",8.2,355613
tt0059578,125,For a Few Dollars More,For a Few Dollars More (1965),1965,"https://m.media-amazon.com/images/M/MV5BMzJlZTNkYjQtMTE1OS00YTJlLTgxNjItYzg4NTllODdkMzBiXkEyXkFqcGdeQXVyMjUzOTY1NTc@._V1_UX128_CR0,3,128,176_AL_.jpg","Sergio Leone (dir.), Clint Eastwood, Lee Van Cleef",8.2,256630
tt0372784,126,Batman Begins,Batman Begins (2005),2005,"https://m.media-amazon.com/images/M/MV5BOTY4YjI2N2MtYmFlMC00ZjcyLTg3YjEtMDQyM2ZjYzQ5YWFkXkEyXkFqcGdeQXVyMTQxNzMzNDI@._V1_UX128_CR0,3,128,176_AL_.jpg","Christopher Nolan (dir.), Christian Bale, Michael Caine",8.2,1461000
tt5074352,127,Dangal,Dangal (2016),2016,"https://m.media-amazon.com/images/M/MV5BMTQ4MzQzMzM2Nl5BMl5BanBnXkFtZTgwMTQ1NzU3MDI@._V1_UX128_CR0,1,128,176_AL_.jpg","Nitesh Tiwari (dir.), Aamir Khan, Sakshi Tanwar",8.2,190773
tt0012349,128,The Kid,The Kid (1921),1921,"https://m.media-amazon.com/images/M/MV5BZjhhMThhNDItNTY2MC00MmU1LTliNDEtNDdhZjdlNTY5ZDQ1XkEyXkFqcGdeQXVyNjc1NTYyMjg@._V1_UX128_CR0,3,128,176_AL_.jpg","Charles Chaplin (dir.), Charles Chaplin, Edna Purviance",8.2,126661
tt0053291,129,Some Like It Hot,Some Like It Hot (1959),1959,"https://m.media-amazon.com/images/M/MV5BNzAyOGIxYjAtMGY2NC00ZTgyLWIwMWEtYzY0OWQ4NDFjOTc5XkEyXkFqcGdeQXVyNjU0OTQ0OTY@._V1_UX128_CR0,3,128,176_AL_.jpg","Billy Wilder (dir.), Marilyn Monroe, Tony Curtis",8.2,267192
tt10272386,130,The Father,The Father (2020),2020,"https://m.media-amazon.com/images/M/MV5BZGJhNWRiOWQtMjI4OS00ZjcxLTgwMTAtMzQ2ODkxY2JkOTVlXkEyXkFqcGdeQXVyMTkxNjUyNQ@@._V1_UX128_CR0,3,128,176_AL_.jpg","Florian Zeller (dir.), Anthony Hopkins, Olivia Colman",8.2,150930
tt0042192,131,All About Eve,All About Eve (1950),1950,"https://m.media-amazon.com/images/M/MV5BMTY2MTAzODI5NV5BMl5BanBnXkFtZTgwMjM4NzQ0MjE@._V1_UX128_CR0,3,128,176_AL_.jpg","Joseph L. Mankiewicz (dir.), Bette Davis, Anne Baxter",8.2,131667
tt6966692,132,Green Book,Green Book (2018),2018,"https://m.media-amazon.com/images/M/MV5BYzIzYmJlYTYtNGNiYy00N2EwLTk4ZjItMGYyZTJiOTVkM2RlXkEyXkFqcGdeQXVyODY1NDk1NjE@._V1_UX128_CR0,3,128,176_AL_.jpg","Peter Farrelly (dir.), Viggo Mortensen, Mahershala Ali",8.2,485964
tt0993846,133,The Wolf of Wall Street,The Wolf of Wall Street (2013),2013,"https://m.media-amazon.com/images/M/MV5BMjIxMjgxNTk0MF5BMl5BanBnXkFtZTgwNjIyOTg2MDE@._V1_UX128_CR0,3,128,176_AL_.jpg","Martin Scorsese (dir.), Leonardo DiCaprio, Jonah Hill",8.2,1392100
tt0055031,134,Judgment at Nuremberg,Judgment at Nuremberg (1961),1961,"https://m.media-amazon.com/images/M/MV5BNDc2ODQ5NTE2MV5BMl5BanBnXkFtZTcwODExMjUyNA@@._V1_UX128_CR0,3,128,176_AL_.jpg","Stanley Kramer (dir.), Spencer Tracy, Burt Lancaster",8.2,77951
tt0089881,135,Ran,Ran (1985),1985,"https://m.media-amazon.com/images/M/MV5BMmU1NGYwZWYtOWExNi00ZTEyLTgwMmUtM2ZlMDVjNWM4YjVlXkEyXkFqcGdeQXVyMjUzOTY1NTc@._V1_UX128_CR0,3,128,176_AL_.jpg","Akira Kurosawa (dir.), Tatsuya Nakadai, Akira Terao",8.2,125908
tt0112641,136,Casino,Casino (1995),1995,"https://m.media-amazon.com/images/M/MV5BMTcxOWYzNDYtYmM4YS00N2NkLTk0NTAtNjg1ODgwZjAxYzI3XkEyXkFqcGdeQXVyNTA4NzY1MzY@._V1_UX128_CR0,3,128,176_AL_.jpg","Martin Scorsese (dir.), Robert De Niro, Sharon Stone",8.2,518029
tt0457430,137,Pan's Labyrinth,Pan's Labyrinth (2006),2006,"https://m.media-amazon.com/images/M/MV5BYzFjMThiMGItOWRlMC00MDI4LThmOGUtYTNlZGZiYWI1YjMyXkEyXkFqcGdeQXVyMjUzOTY1NTc@._V1_UX128_CR0,3,128,176_AL_.jpg","Guillermo del Toro (dir.), Ivana Baquero, Ariadna Gil",8.2,667152
tt0105695,138,Unforgiven,Unforgiven (1992),1992,"https://m.media-amazon.com/images/M/MV5BODM3YWY4NmQtN2Y3Ni00OTg0LWFhZGQtZWE3ZWY4MTJlOWU4XkEyXkFqcGdeQXVyNjU0OTQ0OTY@._V1_UX128_CR0,3,128,176_AL_.jpg","Clint Eastwood (dir.), Clint Eastwood, Gene Hackman",8.2,411543
tt0469494,139,There Will Be Blood,There Will Be Blood (2007),2007,"https://m.media-amazon.com/images/M/MV5BMjAxODQ4MDU5NV5BMl5BanBnXkFtZTcwMDU4MjU1MQ@@._V1_UX128_CR0,3,128,176_AL_.jpg","Paul Thomas Anderson (dir.), Daniel Day-Lewis, Paul Dano",8.2,584252
tt0120382,140,The Truman Show,The Truman Show (1998),1998,"https://m.media-amazon.com/images/M/MV5BMDIzODcyY2EtMmY2MC00ZWVlLTgwMzAtMjQwOWUyNmJjNTYyXkEyXkFqcGdeQXVyNDk3NzU2MTQ@._V1_UX128_CR0,3,128,176_AL_.jpg","Peter Weir (dir.), Jim Carrey, Ed Harris",8.2,1071047
tt10872600,141,Spider-Man: No Way Home,Spider-Man: No Way Home (2021),2021,"https://m.media-amazon.com/images/M/MV5BZWMyYzFjYTYtNTRjYi00OGExLWE2YzgtOGRmYjAxZTU3NzBiXkEyXkFqcGdeQXVyMzQ0MzA0NTM@._V1_UX128_CR0,3,128,176_AL_.jpg","Jon Watts (dir.), Tom Holland, Zendaya",8.2,739929
tt0167404,142,The Sixth Sense,The Sixth Sense (1999),1999,"https://m.media-amazon.com/images/M/MV5BMWM4NTFhYjctNzUyNi00NGMwLTk3NTYtMDIyNTZmMzRlYmQyXkEyXkFqcGdeQXVyMTAwMzUyOTc@._V1_UX128_CR0,3,128,176_AL_.jpg","M. Night Shyamalan (dir.), Bruce Willis, Haley Joel Osment",8.2,987973
tt0268978,143,A Beautiful Mind,A Beautiful Mind (2001),2001,"https://m.media-amazon.com/images/M/MV5BMzcwYWFkYzktZjAzNC00OGY1LWI4YTgtNzc5MzVjMDVmNjY0XkEyXkFqcGdeQXVyMTQxNzMzNDI@._V1_UX128_CR0,3,128,176_AL_.jpg","Ron Howard (dir.), Russell Crowe, Ed Harris",8.2,928740
tt0055630,144,Yojimbo,Yojimbo (1961),1961,"https://m.media-amazon.com/images/M/MV5BZThiZjAzZjgtNDU3MC00YThhLThjYWUtZGRkYjc2ZWZlOTVjXkEyXkFqcGdeQXVyNTA4NzY1MzY@._V1_UX128_CR0,3,128,176_AL_.jpg","Akira Kurosawa (dir.), Toshirô Mifune, Eijirô Tôno",8.1,123213
tt0071853,145,Monty Python and the Holy Grail,Monty Python and the Holy Grail (1975),1975,"https://m.media-amazon.com/images/M/MV5BN2IyNTE4YzUtZWU0Mi00MGIwLTgyMmQtMzQ4YzQxYWNlYWE2XkEyXkFqcGdeQXVyNjU0OTQ0OTY@._V1_UX128_CR0,3,128,176_AL_.jpg","Terry Gilliam (dir.), Graham Chapman, John Cleese",8.1,540591
tt1130884,146,Shutter Island,Shutter Island (2010),2010,"https://m.media-amazon.com/images/M/MV5BYzhiNDkyNzktNTZmYS00ZTBkLTk2MDAtM2U0YjU1MzgxZjgzXkEyXkFqcGdeQXVyMTMxODk2OTU@._V1_UX128_CR0,3,128,176_AL_.jpg","Martin Scorsese (dir.), Leonardo DiCaprio, Emily Mortimer",8.1,1300379
tt0040897,147,The Treasure of the Sierra Madre,The Treasure of the Sierra Madre (1948),1948,"https://m.media-amazon.com/images/M/MV5BOTJlZWMxYzEtMjlkMS00ODE0LThlM2ItMDI3NGQ2YjhmMzkxXkEyXkFqcGdeQXVyMDI2NDg0NQ@@._V1_UX128_CR0,3,128,176_AL_.jpg","John Huston (dir.), Humphrey Bogart, Walter Huston",8.1,125301
tt0107290,148,Jurassic Park,Jurassic Park (1993),1993,"https://m.media-amazon.com/images/M/MV5BMjM2MDgxMDg0Nl5BMl5BanBnXkFtZTgwNTM2OTM5NDE@._V1_UX128_CR0,3,128,176_AL_.jpg","Steven Spielberg (dir.), Sam Neill, Laura Dern",8.1,982870
tt0042876,149,Rashomon,Rashomon (1950),1950,"https://m.media-amazon.com/images/M/MV5BMjEzMzA4NDE2OF5BMl5BanBnXkFtZTcwNTc5MDI2NQ@@._V1_UX128_CR0,3,128,176_AL_.jpg","Akira Kurosawa (dir.), Toshirô Mifune, Machiko Kyô",8.1,168769
tt0057115,150,The Great Escape,The Great Escape (1963),1963,"https://m.media-amazon.com/images/M/MV5BNzA2NmYxMWUtNzBlMC00MWM2LTkwNmQtYTFlZjQwODNhOWE0XkEyXkFqcGdeQXVyNTIzOTk5ODM@._V1_UX128_CR0,3,128,176_AL_.jpg","John Sturges (dir.), Steve McQueen, James Garner",8.1,244617
tt0266697,151,Kill Bill: Vol. 1,Kill Bill: Vol. 1 (2003),2003,"https://m.media-amazon.com/images/M/MV5BNzM3NDFhYTAtYmU5Mi00NGRmLTljYjgtMDkyODQ4MjNkMGY2XkEyXkFqcGdeQXVyNzkwMjQ5NzM@._V1_UX128_CR0,3,128,176_AL_.jpg","Quentin Tarantino (dir.), Uma Thurman, David Carradine",8.1,1108659
tt0477348,152,No Country for Old Men,No Country for Old Men (2007),2007,"https://m.media-amazon.com/images/M/MV5BMjA5Njk3MjM4OV5BMl5BanBnXkFtZTcwMTc5MTE1MQ@@._V1_UX128_CR0,3,128,176_AL_.jpg","Ethan Coen (dir.), Tommy Lee Jones, Javier Bardem",8.1,965987
tt0266543,153,Finding Nemo,Finding Nemo (2003),2003,"https://m.media-amazon.com/images/M/MV5BZTAzNWZlNmUtZDEzYi00ZjA5LWIwYjEtZGM1NWE1MjE4YWRhXkEyXkFqcGdeQXVyNjU0OTQ0OTY@._V1_UX128_CR0,3,128,176_AL_.jpg","Andrew Stanton (dir.), Albert Brooks, Ellen DeGeneres",8.1,1038387
tt0084787,154,The Thing,The Thing (1982),1982,"https://m.media-amazon.com/images/M/MV5BNGViZWZmM2EtNGYzZi00ZDAyLTk3ODMtNzIyZTBjN2Y1NmM1XkEyXkFqcGdeQXVyNTAyODkwOQ@@._V1_UX128_CR0,3,128,176_AL_.jpg","John Carpenter (dir.), Kurt Russell, Wilford Brimley",8.1,423502
tt0080678,155,The Elephant Man,The Elephant Man (1980),1980,"https://m.media-amazon.com/images/M/MV5BMDVjNjIwOGItNDE3Ny00OThjLWE0NzQtZTU3YjMzZTZjMzhkXkEyXkFqcGdeQXVyMTQxNzMzNDI@._V1_UX128_CR0,3,128,176_AL_.jpg","David Lynch (dir.), Anthony Hopkins, John Hurt",8.1,241179
tt0071315,156,Chinatown,Chinatown (1974),1974,"https://m.media-amazon.com/images/M/MV5BMjJkMDZhYzItZTFhMi00ZGI4LThlNTAtZDNlYmEwNjFkNDYzXkEyXkFqcGdeQXVyMjUzOTY1NTc@._V1_UX128_CR0,3,128,176_AL_.jpg","Roman Polanski (dir.), Jack Nicholson, Faye Dunaway",8.1,326405
tt0081398,157,Raging Bull,Raging Bull (1980),1980,"https://m.media-amazon.com/images/M/MV5BYjRmODkzNDItMTNhNi00YjJlLTg0ZjAtODlhZTM0YzgzYThlXkEyXkFqcGdeQXVyNzQ1ODk3MTQ@._V1_UX128_CR0,3,128,176_AL_.jpg","Martin Scorsese (dir.), Robert De Niro, Cathy Moriarty",8.1,353516
tt0031381,158,Gone with the Wind,Gone with the Wind (1939),1939,"https://m.media-amazon.com/images/M/MV5BYjUyZWZkM2UtMzYxYy00ZmQ3LWFmZTQtOGE2YjBkNjA3YWZlXkEyXkFqcGdeQXVyNzkwMjQ5NzM@._V1_UX128_CR0,3,128,176_AL_.jpg","Victor Fleming (dir.), Clark Gable, Vivien Leigh",8.1,315396
tt0434409,159,V for Vendetta,V for Vendetta (2005),2005,"https://m.media-amazon.com/images/M/MV5BOTI5ODc3NzExNV5BMl5BanBnXkFtZTcwNzYxNzQzMw@@._V1_UX128_CR0,3,128,176_AL_.jpg","James McTeigue (dir.), Hugo Weaving, Natalie Portman",8.1,1117090
tt2096673,160,Inside Out,Inside Out (2015),2015,"https://m.media-amazon.com/images/M/MV5BOTgxMDQwMDk0OF5BMl5BanBnXkFtZTgwNjU5OTg2NDE@._V1_UX128_CR0,3,128,176_AL_.jpg","Pete Docter (dir.), Amy Poehler, Bill Hader",8.1,708759
tt0120735,161,"Lock, Stock and Two Smoking Barrels","Lock, Stock and Two Smoking Barrels (1998)",1998,"https://m.media-amazon.com/images/M/MV5BMTAyN2JmZmEtNjAyMy00NzYwLThmY2MtYWQ3OGNhNjExMmM4XkEyXkFqcGdeQXVyNDk3NzU2MTQ@._V1_UX128_CR0,3,128,176_AL_.jpg","Guy Ritchie (dir.), Jason Flemyng, Dexter Fletcher",8.1,580893
tt0046912,162,Dial M for Murder,Dial M for Murder (1954),1954,"https://m.media-amazon.com/images/M/MV5BOWIwODIxYWItZDI4MS00YzhhLWE3MmYtMzlhZDIwOTMzZmE5L2ltYWdlXkEyXkFqcGdeQXVyNjc1NTYyMjg@._V1_UX128_CR0,3,128,176_AL_.jpg","Alfred Hitchcock (dir.), Ray Milland, Grace Kelly",8.1,176141
tt1305806,163,The Secret in Their Eyes,The Secret in Their Eyes (2009),2009,"https://m.media-amazon.com/images/M/MV5BY2FhZGI5M2QtZWFiZS00NjkwLWE4NWQtMzg3ZDZjNjdkYTJiXkEyXkFqcGdeQXVyMTMxODk2OTU@._V1_UX128_CR0,3,128,176_AL_.jpg","Juan José Campanella (dir.), Ricardo Darín, Soledad Villamil",8.1,209824
tt0347149,164,Howl's Moving Castle,Howl's Moving Castle (2004),2004,"https://m.media-amazon.com/images/M/MV5BMTY1OTg0MjE3MV5BMl5BanBnXkFtZTcwNTUxMTkyMQ@@._V1_UX128_CR0,3,128,176_AL_.jpg","Hayao Miyazaki (dir.), Chieko Baishô, Takuya Kimura",8.1,393122
tt0050212,165,The Bridge on the River Kwai,The Bridge on the River Kwai (1957),1957,"https://m.media-amazon.com/images/M/MV5BOGY5NmNlMmQtYzRlYy00NGQ5LWFkYjYtNzExZmQyMTg0ZDA0XkEyXkFqcGdeQXVyNDIzMzcwNjc@._V1_UX128_CR0,3,128,176_AL_.jpg","David Lean (dir.), William Holden, Alec Guinness",8.1,220913
tt5027774,166,"Three Billboards Outside Ebbing, Missouri","Three Billboards Outside Ebbing, Missouri (2017)",2017,"https://m.media-amazon.com/images/M/MV5BMjI0ODcxNzM1N15BMl5BanBnXkFtZTgwMzIwMTEwNDI@._V1_UX128_CR0,3,128,176_AL_.jpg","Martin McDonagh (dir.), Frances McDormand, Woody Harrelson",8.1,503629
tt0117951,167,Trainspotting,Trainspotting (1996),1996,"https://m.media-amazon.com/images/M/MV5BMzA5Zjc3ZTMtMmU5YS00YTMwLWI4MWUtYTU0YTVmNjVmODZhXkEyXkFqcGdeQXVyNjU0OTQ0OTY@._V1_UX128_CR0,3,128,176_AL_.jpg","Danny Boyle (dir.), Ewan McGregor, Ewen Bremner",8.1,685248
tt1291584,168,Warrior,Warrior (2011),2011,"https://m.media-amazon.com/images/M/MV5BMTk4ODk5MTMyNV5BMl5BanBnXkFtZTcwMDMyNTg0Ng@@._V1_UX128_CR0,3,128,176_AL_.jpg","Gavin O'Connor (dir.), Tom Hardy, Nick Nolte",8.1,471739
tt1205489,169,Gran Torino,Gran Torino (2008),2008,"https://m.media-amazon.com/images/M/MV5BMTc5NTk2OTU1Nl5BMl5BanBnXkFtZTcwMDc3NjAwMg@@._V1_UX128_CR0,3,128,176_AL_.jpg","Clint Eastwood (dir.), Clint Eastwood, Bee Vang",8.1,773729
tt0116282,170,Fargo,Fargo (1996),1996,"https://m.media-amazon.com/images/M/MV5BNDJiZDgyZjctYmRjMS00ZjdkLTkwMTEtNGU1NDg3NDQ0Yzk1XkEyXkFqcGdeQXVyNzkwMjQ5NzM@._V1_UX128_CR0,3,128,176_AL_.jpg","Joel Coen (dir.), William H. Macy, Frances McDormand",8.1,675914
tt1392214,171,Prisoners,Prisoners (2013),2013,"https://m.media-amazon.com/images/M/MV5BMTg0NTIzMjQ1NV5BMl5BanBnXkFtZTcwNDc3MzM5OQ@@._V1_UX128_CR0,3,128,176_AL_.jpg","Denis Villeneuve (dir.), Hugh Jackman, Jake Gyllenhaal",8.1,705273
tt0096283,172,My Neighbor Totoro,My Neighbor Totoro (1988),1988,"https://m.media-amazon.com/images/M/MV5BYzJjMTYyMjQtZDI0My00ZjE2LTkyNGYtOTllNGQxNDMyZjE0XkEyXkFqcGdeQXVyMTMxODk2OTU@._V1_UX128_CR0,1,128,176_AL_.jpg","Hayao Miyazaki (dir.), Hitoshi Takagi, Noriko Hidaka",8.1,337734
tt0405159,173,Million Dollar Baby,Million Dollar Baby (2004),2004,"https://m.media-amazon.com/images/M/MV5BMTkxNzA1NDQxOV5BMl5BanBnXkFtZTcwNTkyMTIzMw@@._V1_UX128_CR0,3,128,176_AL_.jpg","Clint Eastwood (dir.), Hilary Swank, Clint Eastwood",8.1,685908
tt0264464,174,Catch Me If You Can,Catch Me If You Can (2002),2002,"https://m.media-amazon.com/images/M/MV5BMTY5MzYzNjc5NV5BMl5BanBnXkFtZTYwNTUyNTc2._V1_UX128_CR0,3,128,176_AL_.jpg","Steven Spielberg (dir.), Leonardo DiCaprio, Tom Hanks",8.1,972641
tt0015864,175,The Gold Rush,The Gold Rush (1925),1925,"https://m.media-amazon.com/images/M/MV5BZjEyOTE4MzMtNmMzMy00Mzc3LWJlOTQtOGJiNDE0ZmJiOTU4L2ltYWdlXkEyXkFqcGdeQXVyNTAyODkwOQ@@._V1_UY176_CR0,0,128,176_AL_.jpg","Charles Chaplin (dir.), Charles Chaplin, Mack Swain",8.1,111654
tt0118849,176,Children of Heaven,Children of Heaven (1997),1997,"https://m.media-amazon.com/images/M/MV5BZTYwZWQ4ZTQtZWU0MS00N2YwLWEzMDItZWFkZWY0MWVjODVhXkEyXkFqcGdeQXVyNjU0OTQ0OTY@._V1_UX128_CR0,3,128,176_AL_.jpg","Majid Majidi (dir.), Mohammad Amir Naji, Amir Farrokh Hashemian",8.1,75073
tt0083658,177,Blade Runner,Blade Runner (1982),1982,"https://m.media-amazon.com/images/M/MV5BNzQzMzJhZTEtOWM4NS00MTdhLTg0YjgtMjM4MDRkZjUwZDBlXkEyXkFqcGdeQXVyNjU0OTQ0OTY@._V1_UX128_CR0,3,128,176_AL_.jpg","Ridley Scott (dir.), Harrison Ford, Rutger Hauer",8.1,765883
tt0047296,178,On the Waterfront,On the Waterfront (1954),1954,"https://m.media-amazon.com/images/M/MV5BY2I0MWFiZDMtNWQyYy00Njk5LTk3MDktZjZjNTNmZmVkYjkxXkEyXkFqcGdeQXVyNjc1NTYyMjg@._V1_UX128_CR0,3,128,176_AL_.jpg","Elia Kazan (dir.), Marlon Brando, Karl Malden",8.1,155480
tt2024544,179,12 Years a Slave,12 Years a Slave (2013),2013,"https://m.media-amazon.com/images/M/MV5BMjExMTEzODkyN15BMl5BanBnXkFtZTcwNTU4NTc4OQ@@._V1_UX128_CR0,3,128,176_AL_.jpg","Steve McQueen (dir.), Chiwetel Ejiofor, Michael Kenneth Williams",8.1,698650
tt0112471,180,Before Sunrise,Before Sunrise (1995),1995,"https://m.media-amazon.com/images/M/MV5BZDdiZTAwYzAtMDI3Ni00OTRjLTkzN2UtMGE3MDMyZmU4NTU4XkEyXkFqcGdeQXVyNjU0OTQ0OTY@._V1_UX128_CR0,3,128,176_AL_.jpg","Richard Linklater (dir.), Ethan Hawke, Julie Delpy",8.1,307352
tt0041959,181,The Third Man,The Third Man (1949),1949,"https://m.media-amazon.com/images/M/MV5BYjE2OTdhMWUtOGJlMy00ZDViLWIzZjgtYjZkZGZmMDZjYmEyXkEyXkFqcGdeQXVyNzkwMjQ5NzM@._V1_UX128_CR0,3,128,176_AL_.jpg","Carol Reed (dir.), Orson Welles, Joseph Cotten",8.1,172002
tt0050986,182,Wild Strawberries,Wild Strawberries (1957),1957,"https://m.media-amazon.com/images/M/MV5BYWQxYzdhMDMtNjAyZC00NzE0LWFjYmQtYjk0YzMyYjA5NzZkXkEyXkFqcGdeQXVyMjUzOTY1NTc@._V1_UX128_CR0,3,128,176_AL_.jpg","Ingmar Bergman (dir.), Victor Sjöström, Bibi Andersson",8.1,107661
tt1201607,183,Harry Potter and the Deathly Hallows: Part 2,Harry Potter and the Deathly Hallows: Part 2 (2011),2011,"https://m.media-amazon.com/images/M/MV5BMGVmMWNiMDktYjQ0Mi00MWIxLTk0N2UtN2ZlYTdkN2IzNDNlXkEyXkFqcGdeQXVyODE5NzE3OTE@._V1_UX128_CR0,3,128,176_AL_.jpg","David Yates (dir.), Daniel Radcliffe, Emma Watson",8.1,869560
tt0052618,184,Ben-Hur,Ben-Hur (1959),1959,"https://m.media-amazon.com/images/M/MV5BNjgxY2JiZDYtZmMwOC00ZmJjLWJmODUtMTNmNWNmYWI5ODkwL2ltYWdlL2ltYWdlXkEyXkFqcGdeQXVyNjc1NTYyMjg@._V1_UX128_CR0,3,128,176_AL_.jpg","William Wyler (dir.), Charlton Heston, Jack Hawkins",8.1,239479
tt0017925,185,The General,The General (1926),1926,"https://m.media-amazon.com/images/M/MV5BYmRiMDFlYjYtOTMwYy00OGY2LWE0Y2QtYzQxOGNhZmUwNTIxXkEyXkFqcGdeQXVyNzkwMjQ5NzM@._V1_UX128_CR0,3,128,176_AL_.jpg","Clyde Bruckman (dir.), Buster Keaton, Marion Mack",8.1,91722
tt2267998,186,Gone Girl,Gone Girl (2014),2014,"https://m.media-amazon.com/images/M/MV5BMTk0MDQ3MzAzOV5BMl5BanBnXkFtZTgwNzU1NzE3MjE@._V1_UX128_CR0,3,128,176_AL_.jpg","David Fincher (dir.), Ben Affleck, Rosamund Pike",8.1,976112
tt0077416,187,The Deer Hunter,The Deer Hunter (1978),1978,"https://m.media-amazon.com/images/M/MV5BNDhmNTA0ZDMtYjhkNS00NzEzLWIzYTItOGNkMTVmYjE2YmI3XkEyXkFqcGdeQXVyNzkwMjQ5NzM@._V1_UX128_CR0,3,128,176_AL_.jpg","Michael Cimino (dir.), Robert De Niro, Christopher Walken",8.1,339123
tt2278388,188,The Grand Budapest Hotel,The Grand Budapest Hotel (2014),2014,"https://m.media-amazon.com/images/M/MV5BMzM5NjUxOTEyMl5BMl5BanBnXkFtZTgwNjEyMDM0MDE@._V1_UX128_CR0,3,128,176_AL_.jpg","Wes Anderson (dir.), Ralph Fiennes, F. Murray Abraham",8.1,803015
tt0107207,189,In the Name of the Father,In the Name of the Father (1993),1993,"https://m.media-amazon.com/images/M/MV5BMmYyOTgwYWItYmU3Ny00M2E2LTk0NWMtMDVlNmQ0MWZiMTMxXkEyXkFqcGdeQXVyNzkwMjQ5NzM@._V1_UX128_CR0,3,128,176_AL_.jpg","Jim Sheridan (dir.), Daniel Day-Lewis, Pete Postlethwaite",8.1,175273
tt0072684,190,Barry Lyndon,Barry Lyndon (1975),1975,"https://m.media-amazon.com/images/M/MV5BNmY0MWY2NDctZDdmMi00MjA1LTk0ZTQtZDMyZTQ1NTNlYzVjXkEyXkFqcGdeQXVyMjUzOTY1NTc@._V1_UX128_CR0,3,128,176_AL_.jpg","Stanley Kubrick (dir.), Ryan O'Neal, Marisa Berenson",8.1,168020
tt0046268,191,The Wages of Fear,The Wages of Fear (1953),1953,"https://m.media-amazon.com/images/M/MV5BMzE2ODNiZGItNGJiZS00MzBkLTgzZDktN2NmZGE0ZWU3N2U5L2ltYWdlL2ltYWdlXkEyXkFqcGdeQXVyMzI4Nzk0NjY@._V1_UY176_CR0,0,128,176_AL_.jpg","Henri-Georges Clouzot (dir.), Yves Montand, Charles Vanel",8.1,61514
tt0015324,192,Sherlock Jr.,Sherlock Jr. (1924),1924,"https://m.media-amazon.com/images/M/MV5BZWFhOGU5NDctY2Q3YS00Y2VlLWI1NzEtZmIwY2ZiZjY4OTA2XkEyXkFqcGdeQXVyMDI2NDg0NQ@@._V1_UX128_CR0,3,128,176_AL_.jpg","Buster Keaton (dir.), Buster Keaton, Kathryn McGuire",8.1,50314
tt0031679,193,Mr. Smith Goes to Washington,Mr. Smith Goes to Washington (1939),1939,"https://m.media-amazon.com/images/M/MV5BZTYwYjYxYzgtMDE1Ni00NzU4LWJlMTEtODQ5YmJmMGJhZjI5L2ltYWdlXkEyXkFqcGdeQXVyMDI2NDg0NQ@@._V1_UX128_CR0,3,128,176_AL_.jpg","Frank Capra (dir.), James Stewart, Jean Arthur",8.1,115978
tt2119532,194,Hacksaw Ridge,Hacksaw Ridge (2016),2016,"https://m.media-amazon.com/images/M/MV5BMjQ1NjM3MTUxNV5BMl5BanBnXkFtZTgwMDc5MTY5OTE@._V1_UX128_CR0,3,128,176_AL_.jpg","Mel Gibson (dir.), Andrew Garfield, Sam Worthington",8.1,521355
tt4729430,195,Klaus,Klaus (2019),2019,"https://m.media-amazon.com/images/M/MV5BMWYwOThjM2ItZGYxNy00NTQwLWFlZWEtM2MzM2Q5MmY3NDU5XkEyXkFqcGdeQXVyMTkxNjUyNQ@@._V1_UX128_CR0,3,128,176_AL_.jpg","Sergio Pablos (dir.), Jason Schwartzman, J.K. Simmons",8.1,148304
tt0353969,196,Memories of Murder,Memories of Murder (2003),2003,"https://m.media-amazon.com/images/M/MV5BOGViNTg4YTktYTQ2Ni00MTU0LTk2NWUtMTI4OTc1YTM0NzQ2XkEyXkFqcGdeQXVyMDM2NDM2MQ@@._V1_UX128_CR0,3,128,176_AL_.jpg","Bong Joon Ho (dir.), Song Kang-ho, Kim Sang-kyung",8.1,183054
tt3011894,197,Wild Tales,Wild Tales (2014),2014,"https://m.media-amazon.com/images/M/MV5BNGQzY2Y0MTgtMDA4OC00NjM3LWI0ZGQtNTJlM2UxZDQxZjI0XkEyXkFqcGdeQXVyNDUzOTQ5MjY@._V1_UX128_CR0,1,128,176_AL_.jpg","Damián Szifron (dir.), Darío Grandinetti, María Marull",8.1,198282
tt0050976,198,The Seventh Seal,The Seventh Seal (1957),1957,"https://m.media-amazon.com/images/M/MV5BOWM3MmE0OGYtOGVlNC00OWE1LTk5ZTAtYmUwMDIwM2ZlNWJiXkEyXkFqcGdeQXVyMjUzOTY1NTc@._V1_UX128_CR0,3,128,176_AL_.jpg","Ingmar Bergman (dir.), Max von Sydow, Gunnar Björnstrand",8.1,185406
tt3170832,199,Room,Room (2015),2015,"https://m.media-amazon.com/images/M/MV5BMjE4NzgzNzEwMl5BMl5BanBnXkFtZTgwMTMzMDE0NjE@._V1_UX128_CR0,3,128,176_AL_.jpg","Lenny Abrahamson (dir.), Brie Larson, Jacob Tremblay",8.1,419487
tt1392190,200,Mad Max: Fury Road,Mad Max: Fury Road (2015),2015,"https://m.media-amazon.com/images/M/MV5BN2EwM2I5OWMtMGQyMi00Zjg1LWJkNTctZTdjYTA4OGUwZjMyXkEyXkFqcGdeQXVyMTMxODk2OTU@._V1_UX128_CR0,3,128,176_AL_.jpg","George Miller (dir.), Tom Hardy, Charlize Theron",8.1,995474
tt0978762,201,Mary and Max,Mary and Max (2009),2009,"https://m.media-amazon.com/images/M/MV5BMDgzYjQwMDMtNGUzYi00MTRmLWIyMGMtNjE1OGZkNzY2YWIzL2ltYWdlXkEyXkFqcGdeQXVyNjU0OTQ0OTY@._V1_UX128_CR0,1,128,176_AL_.jpg","Adam Elliot (dir.), Toni Collette, Philip Seymour Hoffman",8.1,177496
tt0892769,202,How to Train Your Dragon,How to Train Your Dragon (2010),2010,"https://m.media-amazon.com/images/M/MV5BMjA5NDQyMjc2NF5BMl5BanBnXkFtZTcwMjg5ODcyMw@@._V1_UX128_CR0,3,128,176_AL_.jpg","Dean DeBlois (dir.), Jay Baruchel, Gerard Butler",8.1,736752
tt0118715,203,The Big Lebowski,The Big Lebowski (1998),1998,"https://m.media-amazon.com/images/M/MV5BMTQ0NjUzMDMyOF5BMl5BanBnXkFtZTgwODA1OTU0MDE@._V1_UX128_CR0,3,128,176_AL_.jpg","Joel Coen (dir.), Jeff Bridges, John Goodman",8.1,805297
tt0198781,204,"Monsters, Inc.","Monsters, Inc. (2001)",2001,"https://m.media-amazon.com/images/M/MV5BMTY1NTI0ODUyOF5BMl5BanBnXkFtZTgwNTEyNjQ0MDE@._V1_UX128_CR0,3,128,176_AL_.jpg","Pete Docter (dir.), Billy Crystal, John Goodman",8.1,904169
tt0073195,205,Jaws,Jaws (1975),1975,"https://m.media-amazon.com/images/M/MV5BMmVmODY1MzEtYTMwZC00MzNhLWFkNDMtZjAwM2EwODUxZTA5XkEyXkFqcGdeQXVyNTAyODkwOQ@@._V1_UX128_CR0,3,128,176_AL_.jpg","Steven Spielberg (dir.), Roy Scheider, Robert Shaw",8.1,603857
tt0046438,206,Tokyo Story,Tokyo Story (1953),1953,"https://m.media-amazon.com/images/M/MV5BYWQ4ZTRiODktNjAzZC00Nzg1LTk1YWQtNDFmNDI0NmZiNGIwXkEyXkFqcGdeQXVyNzkwMjQ5NzM@._V1_UX128_CR0,3,128,176_AL_.jpg","Yasujirô Ozu (dir.), Chishû Ryû, Chieko Higashiyama",8.1,62000
tt0019254,207,The Passion of Joan of Arc,The Passion of Joan of Arc (1928),1928,"https://m.media-amazon.com/images/M/MV5BNjBjNDJiYTUtOWY0OS00OGVmLTg2YzctMTE0NzVhODM1ZWJmXkEyXkFqcGdeQXVyNjU0OTQ0OTY@._V1_UX128_CR0,3,128,176_AL_.jpg","Carl Theodor Dreyer (dir.), Maria Falconetti, Eugene Silvain",8.1,55119
tt0097165,208,Dead Poets Society,Dead Poets Society (1989),1989,"https://m.media-amazon.com/images/M/MV5BOGYwYWNjMzgtNGU4ZC00NWQ2LWEwZjUtMzE1Zjc3NjY3YTU1XkEyXkFqcGdeQXVyMTQxNzMzNDI@._V1_UX128_CR0,3,128,176_AL_.jpg","Peter Weir (dir.), Robin Williams, Robert Sean Leonard",8.1,487926
tt0395169,209,Hotel Rwanda,Hotel Rwanda (2004),2004,"https://m.media-amazon.com/images/M/MV5BZGJjYmIzZmQtNWE4Yy00ZGVmLWJkZGEtMzUzNmQ4ZWFlMjRhXkEyXkFqcGdeQXVyMTMxODk2OTU@._V1_UX128_CR0,3,128,176_AL_.jpg","Terry George (dir.), Don Cheadle, Sophie Okonedo",8.1,355667
tt1950186,210,Ford v Ferrari,Ford v Ferrari (2019),2019,"https://m.media-amazon.com/images/M/MV5BM2UwMDVmMDItM2I2Yi00NGZmLTk4ZTUtY2JjNTQ3OGQ5ZjM2XkEyXkFqcGdeQXVyMTA1OTYzOTUx._V1_UX128_CR0,3,128,176_AL_.jpg","James Mangold (dir.), Matt Damon, Christian Bale",8.0,388695
tt0075148,211,Rocky,Rocky (1976),1976,"https://m.media-amazon.com/images/M/MV5BNTBkMjg2MjYtYTZjOS00ODQ0LTg0MDEtM2FiNmJmOGU1NGEwXkEyXkFqcGdeQXVyMjUzOTY1NTc@._V1_UX128_CR0,3,128,176_AL_.jpg","John G. Avildsen (dir.), Sylvester Stallone, Talia Shire",8.0,573476
tt0091763,212,Platoon,Platoon (1986),1986,"https://m.media-amazon.com/images/M/MV5BMzRjZjdlMjQtODVkYS00N2YzLWJlYWYtMGVlN2E5MWEwMWQzXkEyXkFqcGdeQXVyMTQxNzMzNDI@._V1_UX128_CR0,3,128,176_AL_.jpg","Oliver Stone (dir.), Charlie Sheen, Tom Berenger",8.0,413793
tt0092005,213,Stand by Me,Stand by Me (1986),1986,"https://m.media-amazon.com/images/M/MV5BODJmY2Y2OGQtMDg2My00N2Q3LWJmZTUtYTc2ODBjZDVlNDlhXkEyXkFqcGdeQXVyMTQxNzMzNDI@._V1_UX128_CR0,3,128,176_AL_.jpg","Rob Reiner (dir.), Wil Wheaton, River Phoenix",8.0,402960
tt0088247,214,The Terminator,The Terminator (1984),1984,"https://m.media-amazon.com/images/M/MV5BYTViNzMxZjEtZGEwNy00MDNiLWIzNGQtZDY2MjQ1OWViZjFmXkEyXkFqcGdeQXVyNzkwMjQ5NzM@._V1_UX128_CR0,3,128,176_AL_.jpg","James Cameron (dir.), Arnold Schwarzenegger, Linda Hamilton",8.0,861049
tt1895587,215,Spotlight,Spotlight (2015),2015,"https://m.media-amazon.com/images/M/MV5BMjIyOTM5OTIzNV5BMl5BanBnXkFtZTgwMDkzODE2NjE@._V1_UX128_CR0,3,128,176_AL_.jpg","Tom McCarthy (dir.), Mark Ruffalo, Michael Keaton",8.0,468620
tt0048473,216,Pather Panchali,Pather Panchali (1955),1955,"https://m.media-amazon.com/images/M/MV5BMmFkNDY5OTktNzY3Yy00OTFlLThhNjktOTRhMmZjZmIxYjAxXkEyXkFqcGdeQXVyNTgyNTA4MjM@._V1_UX128_CR0,3,128,176_AL_.jpg","Satyajit Ray (dir.), Kanu Bannerjee, Karuna Bannerjee",8.0,33207
tt3315342,217,Logan,Logan (2017),2017,"https://m.media-amazon.com/images/M/MV5BYzc5MTU4N2EtYTkyMi00NjdhLTg3NWEtMTY4OTEyMzJhZTAzXkEyXkFqcGdeQXVyNjc1NTYyMjg@._V1_UX128_CR0,3,128,176_AL_.jpg","James Mangold (dir.), Hugh Jackman, Patrick Stewart",8.0,757419
tt1979320,218,Rush,Rush (2013),2013,"https://m.media-amazon.com/images/M/MV5BOWEwODJmZDItYTNmZC00OGM4LThlNDktOTQzZjIzMGQxODA4XkEyXkFqcGdeQXVyNjU0OTQ0OTY@._V1_UX128_CR0,3,128,176_AL_.jpg","Ron Howard (dir.), Daniel Brühl, Chris Hemsworth",8.0,478799
tt0382932,219,Ratatouille,Ratatouille (2007),2007,"https://m.media-amazon.com/images/M/MV5BMTMzODU0NTkxMF5BMl5BanBnXkFtZTcwMjQ4MzMzMw@@._V1_UX128_CR0,3,128,176_AL_.jpg","Brad Bird (dir.), Brad Garrett, Lou Romano",8.0,730866
tt0074958,220,Network,Network (1976),1976,"https://m.media-amazon.com/images/M/MV5BNzY0NjU5ODUtOTAzMC00NTU5LWJkZjctYWMyOWY2MTZmOWM1XkEyXkFqcGdeQXVyMTI3ODAyMzE2._V1_UX128_CR0,3,128,176_AL_.jpg","Sidney Lumet (dir.), Faye Dunaway, William Holden",8.0,159962
tt0758758,221,Into the Wild,Into the Wild (2007),2007,"https://m.media-amazon.com/images/M/MV5BNjQ0ODlhMWUtNmUwMS00YjExLWI4MjQtNjVmMmE2Y2E0MGRmXkEyXkFqcGdeQXVyNDk3NzU2MTQ@._V1_UX128_CR0,3,128,176_AL_.jpg","Sean Penn (dir.), Emile Hirsch, Vince Vaughn",8.0,621973
tt6710474,222,Everything Everywhere All at Once,Everything Everywhere All at Once (2022),2022,"https://m.media-amazon.com/images/M/MV5BYTdiOTIyZTQtNmQ1OS00NjZlLWIyMTgtYzk5Y2M3ZDVmMDk1XkEyXkFqcGdeQXVyMTAzMDg4NzU0._V1_UX128_CR0,3,128,176_AL_.jpg","Dan Kwan (dir.), Michelle Yeoh, Stephanie Hsu",8.0,230058
tt0032138,223,The Wizard of Oz,The Wizard of Oz (1939),1939,"https://m.media-amazon.com/images/M/MV5BNjUyMTc4MDExMV5BMl5BanBnXkFtZTgwNDg0NDIwMjE@._V1_UX128_CR0,3,128,176_AL_.jpg","Victor Fleming (dir.), Judy Garland, Frank Morgan",8.0,398927
tt0381681,224,Before Sunset,Before Sunset (2004),2004,"https://m.media-amazon.com/images/M/MV5BMTQ1MjAwNTM5Ml5BMl5BanBnXkFtZTYwNDM0MTc3._V1_UX128_CR0,3,128,176_AL_.jpg","Richard Linklater (dir.), Ethan Hawke, Julie Delpy",8.0,263877
tt0107048,225,Groundhog Day,Groundhog Day (1993),1993,"https://m.media-amazon.com/images/M/MV5BZWIxNzM5YzQtY2FmMS00Yjc3LWI1ZjUtNGVjMjMzZTIxZTIxXkEyXkFqcGdeQXVyNjU0OTQ0OTY@._V1_UX128_CR0,3,128,176_AL_.jpg","Harold Ramis (dir.), Bill Murray, Andie MacDowell",8.0,628921
tt0070047,226,The Exorcist,The Exorcist (1973),1973,"https://m.media-amazon.com/images/M/MV5BYWFlZGY2NDktY2ZjOS00ZWNkLTg0ZDAtZDY4MTM1ODU4ZjljXkEyXkFqcGdeQXVyMjUzOTY1NTc@._V1_UX128_CR0,3,128,176_AL_.jpg","William Friedkin (dir.), Ellen Burstyn, Max von Sydow",8.0,406505
tt15097216,227,Jai Bhim,Jai Bhim (2021),2021,"https://m.media-amazon.com/images/M/MV5BOTM0NWFjNGYtNjExMS00ZTZlLWFiYmMtZmU4ZjZkMmMxZTNjXkEyXkFqcGdeQXVyODEyNjEwMDk@._V1_UY176_CR6,0,128,176_AL_.jpg","T.J. Gnanavel (dir.), Suriya, Lijo Mol Jose",8.0,200400
tt0036868,228,The Best Years of Our Lives,The Best Years of Our Lives (1946),1946,"https://m.media-amazon.com/images/M/MV5BY2RmNTRjYzctODI4Ni00MzQyLWEyNTAtNjU0N2JkMTNhNjJkXkEyXkFqcGdeQXVyNjU0OTQ0OTY@._V1_UX128_CR0,3,128,176_AL_.jpg","William Wyler (dir.), Myrna Loy, Dana Andrews",8.0,64858
tt0317705,229,The Incredibles,The Incredibles (2004),2004,"https://m.media-amazon.com/images/M/MV5BMTY5OTU0OTc2NV5BMl5BanBnXkFtZTcwMzU4MDcyMQ@@._V1_UX128_CR0,3,128,176_AL_.jpg","Brad Bird (dir.), Craig T. Nelson, Samuel L. Jackson",8.0,733037
tt0035446,230,To Be or Not to Be,To Be or Not to Be (1942),1942,"https://m.media-amazon.com/images/M/MV5BMGY3ZDgzY2MtNTllNi00ZWI1LTk1NTUtNWEzN2Q4YTA1ZGZiXkEyXkFqcGdeQXVyNzI1NzMxNzM@._V1_UX128_CR0,3,128,176_AL_.jpg","Ernst Lubitsch (dir.), Carole Lombard, Jack Benny",8.0,37651
tt0058946,231,The Battle of Algiers,The Battle of Algiers (1966),1966,"https://m.media-amazon.com/images/M/MV5BN2M4YTA4ZTEtN2EyNy00YTlmLWE4YzYtYjYyYjRkMWM4ZDM0XkEyXkFqcGdeQXVyMjUzOTY1NTc@._V1_UX128_CR0,3,128,176_AL_.jpg","Gillo Pontecorvo (dir.), Brahim Hadjadj, Jean Martin",8.0,60501
tt1028532,232,Hachi: A Dog's Tale,Hachi: A Dog's Tale (2009),2009,"https://m.media-amazon.com/images/M/MV5BNzE4NDg5OWMtMzg3NC00ZDRjLTllMDMtZTRjNWZmNjBmMGZlXkEyXkFqcGdeQXVyMTMxODk2OTU@._V1_UX128_CR0,1,128,176_AL_.jpg","Lasse Hallström (dir.), Richard Gere, Joan Allen",8.0,284570
tt0032551,233,The Grapes of Wrath,The Grapes of Wrath (1940),1940,"https://m.media-amazon.com/images/M/MV5BNzJiOGI2MjctYjUyMS00ZjkzLWE2ZmUtOTg4NTZkOTNhZDc1L2ltYWdlXkEyXkFqcGdeQXVyNjc1NTYyMjg@._V1_UX128_CR0,3,128,176_AL_.jpg","John Ford (dir.), Henry Fonda, Jane Darwell",8.0,93608
tt0032976,234,Rebecca,Rebecca (1940),1940,"https://m.media-amazon.com/images/M/MV5BYTcxYWExOTMtMWFmYy00ZjgzLWI0YjktNWEzYzJkZTg0NDdmL2ltYWdlXkEyXkFqcGdeQXVyNjc1NTYyMjg@._V1_UX128_CR0,1,128,176_AL_.jpg","Alfred Hitchcock (dir.), Laurence Olivier, Joan Fontaine",8.0,137587
tt0325980,235,Pirates of the Caribbean: The Curse of the Black Pearl,Pirates of the Caribbean: The Curse of the Black Pearl (2003),2003,"https://m.media-amazon.com/images/M/MV5BNGYyZGM5MGMtYTY2Ni00M2Y1LWIzNjQtYWUzM2VlNGVhMDNhXkEyXkFqcGdeQXVyMTMxODk2OTU@._V1_UX128_CR0,3,128,176_AL_.jpg","Gore Verbinski (dir.), Johnny Depp, Geoffrey Rush",8.0,1121317
tt0245712,236,Amores perros,Amores perros (2000),2000,"https://m.media-amazon.com/images/M/MV5BZjUxNmEwOGItMTBmYi00MWQ1LWExY2MtNDUxMjI0OWM4M2NiXkEyXkFqcGdeQXVyMjUzOTY1NTc@._V1_UX128_CR0,3,128,176_AL_.jpg","Alejandro G. Iñárritu (dir.), Emilio Echevarría, Gael García Bernal",8.0,240702
tt0476735,237,My Father and My Son,My Father and My Son (2005),2005,"https://m.media-amazon.com/images/M/MV5BNjAzMzEwYzctNjc1MC00Nzg5LWFmMGItMTgzYmMyNTY2OTQ4XkEyXkFqcGdeQXVyNjU0OTQ0OTY@._V1_UX128_CR0,3,128,176_AL_.jpg","Çagan Irmak (dir.), Çetin Tekindor, Fikret Kuskan",8.0,86935
tt0113247,238,La Haine,La Haine (1995),1995,"https://m.media-amazon.com/images/M/MV5BOTQxOGU0OWUtMzExYy00ZjIxLWJmMzAtNTI1Y2YxYTMxN2RkXkEyXkFqcGdeQXVyMjUzOTY1NTc@._V1_UX128_CR0,3,128,176_AL_.jpg","Mathieu Kassovitz (dir.), Vincent Cassel, Hubert Koundé",8.0,173627
tt0061512,239,Cool Hand Luke,Cool Hand Luke (1967),1967,"https://m.media-amazon.com/images/M/MV5BNjcwNTQ3Y2EtMjdmZi00ODBhLWFhNzQtOTc3MWU5NTZlMDViXkEyXkFqcGdeQXVyMjUzOTY1NTc@._V1_UX128_CR0,3,128,176_AL_.jpg","Stuart Rosenberg (dir.), Paul Newman, George Kennedy",8.0,177597
tt0053198,240,The 400 Blows,The 400 Blows (1959),1959,"https://m.media-amazon.com/images/M/MV5BYTQ4MjA4NmYtYjRhNi00MTEwLTg0NjgtNjk3ODJlZGU4NjRkL2ltYWdlL2ltYWdlXkEyXkFqcGdeQXVyNjU0OTQ0OTY@._V1_UY176_CR0,0,128,176_AL_.jpg","François Truffaut (dir.), Jean-Pierre Léaud, Albert Rémy",8.0,118234
tt0060827,241,Persona,Persona (1966),1966,"https://m.media-amazon.com/images/M/MV5BYmFlOTcxMWUtZTMzMi00NWIyLTkwOTEtNjIxNmViNzc2Yzc1XkEyXkFqcGdeQXVyMjUzOTY1NTc@._V1_UX128_CR0,3,128,176_AL_.jpg","Ingmar Bergman (dir.), Bibi Andersson, Liv Ullmann",8.0,118958
tt4016934,242,The Handmaiden,The Handmaiden (2016),2016,"https://m.media-amazon.com/images/M/MV5BNDJhYTk2MTctZmVmOS00OTViLTgxNjQtMzQxOTRiMDdmNGRjXkEyXkFqcGdeQXVyMTMxODk2OTU@._V1_UX128_CR0,1,128,176_AL_.jpg","Park Chan-wook (dir.), Kim Min-hee, Ha Jung-woo",8.0,146643
tt0025316,243,It Happened One Night,It Happened One Night (1934),1934,"https://m.media-amazon.com/images/M/MV5BYzJmMWE5NjAtNWMyZS00NmFiLWIwMDgtZDE2NzczYWFhNzIzXkEyXkFqcGdeQXVyNjc1NTYyMjg@._V1_UX128_CR0,3,128,176_AL_.jpg","Frank Capra (dir.), Clark Gable, Claudette Colbert",8.0,104298
tt0059742,244,The Sound of Music,The Sound of Music (1965),1965,"https://m.media-amazon.com/images/M/MV5BODIxNjhkYjEtYzUyMi00YTNjLWE1YjktNjAyY2I2MWNkNmNmL2ltYWdlL2ltYWdlXkEyXkFqcGdeQXVyMTQxNzMzNDI@._V1_UX128_CR0,1,128,176_AL_.jpg","Robert Wise (dir.), Julie Andrews, Christopher Plummer",8.0,234031
tt0079470,245,Life of Brian,Life of Brian (1979),1979,"https://m.media-amazon.com/images/M/MV5BMDA1ZWI4ZDItOTRlYi00OTUxLWFlNWQtMzM5NDI0YjA4ZGI2XkEyXkFqcGdeQXVyMjUzOTY1NTc@._V1_UX128_CR0,3,128,176_AL_.jpg","Terry Jones (dir.), Graham Chapman, John Cleese",8.0,399437
tt0071411,246,Dersu Uzala,Dersu Uzala (1975),1975,"https://m.media-amazon.com/images/M/MV5BYWY0OWJlZTgtMWUzNy00MGJhLTk5YzQtNmY5MDEwOTIxNjMyXkEyXkFqcGdeQXVyNjc1NTYyMjg@._V1_UX128_CR0,3,128,176_AL_.jpg","Akira Kurosawa (dir.), Maksim Munzuk, Yuriy Solomin",8.0,29924
tt1454029,247,The Help,The Help (2011),2011,"https://m.media-amazon.com/images/M/MV5BMTM5OTMyMjIxOV5BMl5BanBnXkFtZTcwNzU4MjIwNQ@@._V1_UX128_CR0,3,128,176_AL_.jpg","Tate Taylor (dir.), Viola Davis, Emma Stone",8.0,458470
tt0083987,248,Gandhi,Gandhi (1982),1982,"https://m.media-amazon.com/images/M/MV5BOGVmZGU2M2EtZTVjYy00OWU2LWI0YjEtZjQ4YjNmODhmMzhkXkEyXkFqcGdeQXVyNjk1Njg5NTA@._V1_UX128_CR0,3,128,176_AL_.jpg","Richard Attenborough (dir.), Ben Kingsley, John Gielgud",8.0,231883
tt0103639,249,Aladdin,Aladdin (1992),1992,"https://m.media-amazon.com/images/M/MV5BY2Q2NDI1MjUtM2Q5ZS00MTFlLWJiYWEtNTZmNjQ3OGJkZDgxXkEyXkFqcGdeQXVyNTI4MjkwNjA@._V1_UX128_CR0,3,128,176_AL_.jpg","Ron Clements (dir.), Scott Weinger, Robin Williams",8.0,418075
tt0129167,250,The Iron Giant,The Iron Giant (1999),1999,"https://m.media-amazon.com/images/M/MV5BYzBjZTNkMzQtZmNkOC00Yzk0LTljMjktZjk3YWVlZjY3NTk2XkEyXkFqcGdeQXVyMTUzMDUzNTI3._V1_UX128_CR0,3,128,176_AL_.jpg","Brad Bird (dir.), Eli Marienthal, Harry Connick Jr.",8.0,197244
